매입품목명,라인수,금액,items후보(참고),최종지정코드(빈칸=기타)
EP-시리즈 전사(피더기 포함) [EP1852],1,11000000,,
실외배너 물통SET(복배너) [60*180],2,3535000,ACC-011:실외배너 물통SET(복배너) / ACC-024:복배너 중앙대,
실내배너 일자형(W) [60*180],2,3330000,,
LED형광등 [28w-양면(돌출)],4,2600000,SGM-LEDF-F28D:LED형광등 28W양면돌출 / SGM-LEDF-F20S:LED형광등 20W단면,
LED 3구(백색) [1w],5,2450000,SGM-LEDF-F28D:LED형광등 28W양면돌출 / SGM-LEDF-F20S:LED형광등 20W단면,
하바,3,2096000,,
카바,5,2088000,,
조도향상시트(LDJ90DF) [1220mm],1,1737000,LDJ90DF-122:조도향상시트 LDJ90DF,
LED형광등 [20w-단면],2,1700000,SGM-LEDF-F28D:LED형광등 28W양면돌출 / SGM-LEDF-F20S:LED형광등 20W단면,
광확산PC1.8T [1220*2420],2,1675000,PC-2T-M-48:광확산PC / PC-3T-M-48:광확산PC,
E4 엠보 무광(45m/200g) [127폭],1,1582500,JG-E4-P60:E4 엠보 무광(45m/200 / JG-E4-P90:E4 엠보 무광(45m/200,
SPP031M [150폭],8,1494700,SPP031M-090:무광코팅지 SPP031M / SPP031M-105:무광코팅지 SPP031M,
무광코팅지 일반엠보(45m/180g) [127폭],1,1470000,SPP031M-090:무광코팅지 SPP031M / SPP031M-105:무광코팅지 SPP031M,
트러스바 [400mm*7m/검정],2,1455000,SGM-TRW-BK:트러스바 날개 흑색 / SGM-TRW-WH:트러스바 날개 백색,
수성-현수막(장폭) [250폭],1,1449000,AQ-BANNER:수성 현수막 / RM-I0011:현수막 잉크-C,
채널용 입체바 [흑색/80mm*3m],3,1440000,SGM-IPB-BK:입체바 흑색 / SGM-IPB-WH:입체바 백색,
LD59THG [137폭],4,1368960,,
5mm볼로프,1,1240000,ACC-037-4MM:볼로프 4mm / ACC-037-5MM:볼로프 5mm,
SPM011G [150폭],7,1109340,SPM011G-090:일반시트 SPM011G / SPM011G-105:일반시트 SPM011G,
알마이트2T-검정 [4*8],1,990000,UV-ALM-2T-S:UV 알마이트 2T 은색 / ALM-2T-S-48:알마이트,
채널용 입체바 [백색/80mm*3m],2,960000,SGM-IPB-BK:입체바 흑색 / SGM-IPB-WH:입체바 백색,
부직포-S [127폭],4,888000,BUJIK-060:부직포 / BUJIK-090:부직포,
LED형광등 [20w-웜(전구색)],2,880000,SGM-LEDF-F28D:LED형광등 28W양면돌출 / SGM-LEDF-F20S:LED형광등 20W단면,
트러스바 [200mm*7m/백색],2,850000,SGM-TRW-BK:트러스바 날개 흑색 / SGM-TRW-WH:트러스바 날개 백색,
수성-현수막(장폭) [320폭],1,848300,AQ-BANNER:수성 현수막 / RM-I0011:현수막 잉크-C,
사각족자봉 [3m],1,847000,ACC-049-SQ:족자봉 사각 85~150cm / ACC-049-CR:족자봉 원형 85~150cm,
15각 파이프,4,770000,,
알마이트2T(단면/백색) [1220*2420],1,760000,UV-ALM-2T-S:UV 알마이트 2T 은색 / ALM-2T-S-48:알마이트,
알마이트2T-백색 [4*8],1,760000,UV-ALM-2T-S:UV 알마이트 2T 은색 / ALM-2T-S-48:알마이트,
트러스바 [300mm*7m/검정],1,721200,SGM-TRW-BK:트러스바 날개 흑색 / SGM-TRW-WH:트러스바 날개 백색,
트러스바 [300mm*7m/연회색],1,721200,SGM-TRW-BK:트러스바 날개 흑색 / SGM-TRW-WH:트러스바 날개 백색,
타카핀 [4mm],1,720000,SGM-TACK-T4:타카핀 4mm / SGM-TACK-T6:타카핀 6mm,
광확산PC1.8T,1,670000,PC-2T-M-48:광확산PC / PC-3T-M-48:광확산PC,
알마이트2T(단면/검정) [1220*2420],1,660000,UV-ALM-2T-S:UV 알마이트 2T 은색 / ALM-2T-S-48:알마이트,
채널용 캡바 [흑색/25mm*3m],4,656000,SGM-KPB-BK:캡바 흑색 / SGM-KPB-WH:캡바 백색,
물본드,3,640000,SGM-BOND:물본드,
E26T 유광(45m/200g) [127폭],1,577500,JG-E26T-P60:E26T 유광(45m/200g / JG-E26T-P90:E26T 유광(45m/200g,
LG조명용시트(켈/LA9423NH) [1220mm],1,550000,FLEXL-090:조명용 후렉스 / FLEXL-100:조명용 후렉스,
하바 [검정],1,524000,,
양면코팅지(50m) [127폭],2,514500,HJ-YMSIDE-P90:양면코팅지(30m) 90폭 / HJ-YMSIDE-P127:양면코팅지(30m) 127폭,
무광코팅지 일반엠보(45m/180g) [60폭],1,510000,SPP031M-090:무광코팅지 SPP031M / SPP031M-105:무광코팅지 SPP031M,
포맥스-중국산 [4*8(3T)],3,502800,FMX-2T-W-36:포맥스 / FMX-2T-W-48:포맥스,
판형 삼각접착고리 [12Ø],2,495000,ACC-050-NP:삼각접착고리 판형 무펀치 / ACC-050-P12:삼각접착고리 판형 12파이,
원형나무 [90폭(20mm)],12,493250,WDR-01:원형나무,
채널용 캡바 [백색/25mm*3m],4,492000,SGM-KPB-BK:캡바 흑색 / SGM-KPB-WH:캡바 백색,
솔벤 텐트천(300D) [320폭],1,478800,TENT-090:텐트천 / TENT-127:텐트천,
포맥스-중국산 [4*8(5T)],3,478080,FMX-2T-W-36:포맥스 / FMX-2T-W-48:포맥스,
LED 2P 전선 [100m],2,446000,SGM-LEDF-F28D:LED형광등 28W양면돌출 / SGM-LEDF-F20S:LED형광등 20W단면,
부직포-S [90폭],3,432000,BUJIK-060:부직포 / BUJIK-090:부직포,
E4 엠보 무광(45m/200g) [60폭],1,427000,JG-E4-P60:E4 엠보 무광(45m/200 / JG-E4-P90:E4 엠보 무광(45m/200,
판형 삼각접착고리 [무펀치],2,420000,ACC-050-NP:삼각접착고리 판형 무펀치 / ACC-050-P12:삼각접착고리 판형 12파이,
알마이트2T-검정 [3*6],1,396000,UV-ALM-2T-S:UV 알마이트 2T 은색 / ALM-2T-S-48:알마이트,
솔벤용 코팅지-50m [127폭],1,394000,,
타카핀 [6mm],1,390000,SGM-TACK-T4:타카핀 4mm / SGM-TACK-T6:타카핀 6mm,
알루미늄판-백색 [3*6],2,384000,SGM-ALP:알루미늄판,
트러스바 날개 [검정],1,380400,SGM-TRW-BK:트러스바 날개 흑색 / SGM-TRW-WH:트러스바 날개 백색,
알마이트2T,1,380000,UV-ALM-2T-S:UV 알마이트 2T 은색 / ALM-2T-S-48:알마이트,
알마이트2T [1220*2420],1,380000,UV-ALM-2T-S:UV 알마이트 2T 은색 / ALM-2T-S-48:알마이트,
알마이트2T(백색),1,380000,UV-ALM-2T-S:UV 알마이트 2T 은색 / ALM-2T-S-48:알마이트,
19각 파이프,4,372000,,
솔벤 텐트천(300D) [200폭],1,369000,TENT-090:텐트천 / TENT-127:텐트천,
아일렛(하도매) [24호/은색],2,366000,ACC-045-5-S:아일렛 5호 은 / ACC-045-5-G:아일렛 5호 금,
솔벤 텐트천(300D) [250폭],1,364200,TENT-090:텐트천 / TENT-127:텐트천,
큐방-원터치 [40￠/1봉(250개)],2,350000,ACC-047-OT:큐방 원터치 40파이,
실외용 철제배너-TSO(브랏켓형) [60*180],2,342000,,
광확산PC1.8T [4*8],1,335000,PC-2T-M-48:광확산PC / PC-3T-M-48:광확산PC,
채널용 입체바 [백색/100mm*3m],1,320000,SGM-IPB-BK:입체바 흑색 / SGM-IPB-WH:입체바 백색,
LED투광기-백색/백색 [35W],1,315000,SGM-LEDF-F28D:LED형광등 28W양면돌출 / SGM-LEDF-F20S:LED형광등 20W단면,
포인트원형돌출 [500Φ],2,308000,SGM-PRND-D500:포인트원형돌출 500Φ / SGM-PRND-D600:포인트원형돌출 600Φ,
깃발천-S [70폭],2,302400,,
사각족자봉,2,300000,ACC-049-SQ:족자봉 사각 85~150cm / ACC-049-CR:족자봉 원형 85~150cm,
채널 보강대,1,294000,SGM-CRF:채널 보강대 / SGM-CSP:채널 지지대,
솔밴매쉬-배너 [127폭],2,291607,MESH-127:매쉬 / MESH-160:매쉬,
채널용 입체바 [녹색/80mm*3m],1,288000,SGM-IPB-BK:입체바 흑색 / SGM-IPB-WH:입체바 백색,
채널용 입체바 [주황색/80mm*3m],2,288000,SGM-IPB-BK:입체바 흑색 / SGM-IPB-WH:입체바 백색,
채널용 입체바 [진청색/80mm*3m],1,288000,SGM-IPB-BK:입체바 흑색 / SGM-IPB-WH:입체바 백색,
채널용 입체바 [황색/80mm*3m],2,288000,SGM-IPB-BK:입체바 흑색 / SGM-IPB-WH:입체바 백색,
스텐원형돌출 [500Φ],2,285000,SGM-SRND-D500:스텐원형돌출 500Φ / SGM-SRND-D600:스텐원형돌출 600Φ,
부직포 [180폭],2,282000,BUJIK-060:부직포 / BUJIK-090:부직포,
LM5400(보급형) [137폭],1,279830,,
E4 엠보 무광(45m/200g) [90폭],1,273000,JG-E4-P60:E4 엠보 무광(45m/200 / JG-E4-P90:E4 엠보 무광(45m/200,
윈드배너 물통형-SET(소) [76*180],3,266000,ACC-016:윈드배너 부품(크로스/베이스) / ACC-017:윈드배너 물통SET,
미러천 [90폭],1,262500,,
E4 엠보 무광(45m/200g) [152폭],1,259600,JG-E4-P60:E4 엠보 무광(45m/200 / JG-E4-P90:E4 엠보 무광(45m/200,
부직포 [150폭],2,257400,BUJIK-060:부직포 / BUJIK-090:부직포,
부직포-S [60폭],2,255000,BUJIK-060:부직포 / BUJIK-090:부직포,
저밀도 현수막-S [40폭],1,255000,RM-I0011:현수막 잉크-C / RM-I0012:현수막 잉크-M,
채널용 캡바 [진청색/25mm*3m],3,246000,SGM-KPB-BK:캡바 흑색 / SGM-KPB-WH:캡바 백색,
무광코팅지 일반엠보(45m/180g) [90폭],1,243000,SPP031M-090:무광코팅지 SPP031M / SPP031M-105:무광코팅지 SPP031M,
카바 [검정],1,232000,,
원형족자봉 [16Ø],1,231000,ACC-049-SQ:족자봉 사각 85~150cm / ACC-049-CR:족자봉 원형 85~150cm,
용달운임,2,220000,,
3.5mm재단로프 [1마대800개/총200m],2,210000,ACC-038:재단로프,
포맥스-중국산 [4*8(10T)],1,210000,FMX-2T-W-36:포맥스 / FMX-2T-W-48:포맥스,
블랙아웃 패트 [127],1,194000,,
채널용 입체바 [밤색/80mm*3m],2,192000,SGM-IPB-BK:입체바 흑색 / SGM-IPB-WH:입체바 백색,
채널용 입체바 [연청색/80mm*3m],1,192000,SGM-IPB-BK:입체바 흑색 / SGM-IPB-WH:입체바 백색,
채널용 입체바 [진핑크/80mm*3m],1,192000,SGM-IPB-BK:입체바 흑색 / SGM-IPB-WH:입체바 백색,
채널용 입체바 [진회색/80mm*3m],1,192000,SGM-IPB-BK:입체바 흑색 / SGM-IPB-WH:입체바 백색,
아일렛(하도매) 1마대 [24호/은색],1,183000,ACC-045-5-S:아일렛 5호 은 / ACC-045-5-G:아일렛 5호 금,
상코너,3,180000,SGM-SC:상코너,
싸인탑날개 [1box-200ea],3,180000,SGM-STW:싸인탑날개,
실내용 철제배너-TS [50*150],1,176000,,
까치발 [900mm],1,172800,ACC-029-BK:까치발 흑색 / ACC-029-WH:까치발 백색,
채널용 캡바 [주황색/25mm*3m],2,164000,SGM-KPB-BK:캡바 흑색 / SGM-KPB-WH:캡바 백색,
양면코팅지(30m) [127폭],1,162000,JG-A26-P90:A26 양면코팅지(30m) 9 / JG-A26-P127:A26 양면코팅지(30m) 1,
솔벤 캠퍼스 [127폭/20m],1,158000,SV-FLEXL:솔벤 조명후렉스 / SV-FLEXN:솔벤 비조명후렉스,
LED투광기-검정색/백색 [35W],1,157500,SGM-LEDF-F28D:LED형광등 28W양면돌출 / SGM-LEDF-F20S:LED형광등 20W단면,
LED투광기-백색/웜 [35W],1,157500,SGM-LEDF-F28D:LED형광등 28W양면돌출 / SGM-LEDF-F20S:LED형광등 20W단면,
스카시20T-검정 [3*6],2,149500,UV-SKS-20T-W:UV 스카시 20T 백색 / UV-SKS-20T-B:UV 스카시 20T 검정,
발통 [500mm],1,148680,,
LED형광등 [28w-양면(60cm)],1,145000,SGM-LEDF-F28D:LED형광등 28W양면돌출 / SGM-LEDF-F20S:LED형광등 20W단면,
스카시10T-검정 [3*6],2,142090,UV-SKS-10T-W:UV 스카시 10T 백색 / UV-SKS-10T-B:UV 스카시 10T 검정,
아일렛(하도매) [9호/은색],3,142000,ACC-045-5-S:아일렛 5호 은 / ACC-045-5-G:아일렛 5호 금,
까치발 [1200mm],1,140100,ACC-029-BK:까치발 흑색 / ACC-029-WH:까치발 백색,
족자봉 쫄대 [5mm],1,140000,ACC-049-SQ:족자봉 사각 85~150cm / ACC-049-CR:족자봉 원형 85~150cm,
포인트원형돌출 [600Φ],1,136500,SGM-PRND-D500:포인트원형돌출 500Φ / SGM-PRND-D600:포인트원형돌출 600Φ,
트러스바 [150mm*7m/연회색],1,126800,SGM-TRW-BK:트러스바 날개 흑색 / SGM-TRW-WH:트러스바 날개 백색,
까치발 [1000mm],2,123900,ACC-029-BK:까치발 흑색 / ACC-029-WH:까치발 백색,
C4 엠보UV 무광(200g) [127폭],1,116600,UV-FLEXL:UV 조명후렉스 / UV-FLEXN:UV 비조명후렉스,
양면 테이프(판형) [1T],1,113000,,
실리콘 [백색],2,112500,SGM-SIL:실리콘,
고무자석시트-차량용(0.8T) [100폭/10m],1,110000,MAG-060:고무자석시트 / MAG-100:고무자석시트,
스카시10T-백색 [3*6],2,109300,UV-SKS-10T-W:UV 스카시 10T 백색 / UV-SKS-10T-B:UV 스카시 10T 검정,
까치발 [800mm],1,108000,ACC-029-BK:까치발 흑색 / ACC-029-WH:까치발 백색,
후판 [90cm],1,108000,,
후판 [170cm],1,106250,,
유광코팅지 일반(45m/180g) [127폭],1,105000,SPP031G-090:유광코팅지 SPP031G / SPP031G-105:유광코팅지 SPP031G,
채널 지지대,1,105000,SGM-CRF:채널 보강대 / SGM-CSP:채널 지지대,
원형족자봉 [21Ø],1,104000,ACC-049-SQ:족자봉 사각 85~150cm / ACC-049-CR:족자봉 원형 85~150cm,
C4 엠보UV 무광(200g) [90폭],1,103400,UV-FLEXL:UV 조명후렉스 / UV-FLEXN:UV 비조명후렉스,
스카시30T-검정 [3*6],1,100650,UV-SKS-30T-W:UV 스카시 30T 백색 / UV-SKS-30T-B:UV 스카시 30T 검정,
사각족자봉 마개 [크롬],1,100000,ACC-049-SQ:족자봉 사각 85~150cm / ACC-049-CR:족자봉 원형 85~150cm,
채널용 입체바 [연회색/80mm*3m],1,96000,SGM-IPB-BK:입체바 흑색 / SGM-IPB-WH:입체바 백색,
투광기 파이프-ㅡ자형/백색 [700mm],1,96000,SGM-PPIPE-PW:투광기 파이프 백색 / SGM-PPIPE-PB:투광기 파이프 검정,
까치발 [600mm],1,95700,ACC-029-BK:까치발 흑색 / ACC-029-WH:까치발 백색,
자이언트 폴SET(대) [6m/120*400],1,95000,ACC-023:자이언트배너 폴세트,
채널 지지대 [72mm],1,95000,SGM-CRF:채널 보강대 / SGM-CSP:채널 지지대,
울트라보조시트 [100폭/50m/75g],1,93240,LC2000-100:보조시트 LC2000,
비조명후렉스 [100],1,90000,SV-FLEXN:솔벤 비조명후렉스 / UV-FLEXN:UV 비조명후렉스,
수성 백릿-프라임 [127폭],1,87000,AQ-BANNER:수성 현수막 / AQ1-030:수성 현수막원단 1코팅,
채널용 캡바 [녹색/25mm*3m],1,82000,SGM-KPB-BK:캡바 흑색 / SGM-KPB-WH:캡바 백색,
채널용 캡바 [밤색/25mm*3m],1,82000,SGM-KPB-BK:캡바 흑색 / SGM-KPB-WH:캡바 백색,
채널용 캡바 [연청색/25mm*3m],1,82000,SGM-KPB-BK:캡바 흑색 / SGM-KPB-WH:캡바 백색,
채널용 캡바 [적색/25mm*3m],1,82000,SGM-KPB-BK:캡바 흑색 / SGM-KPB-WH:캡바 백색,
채널용 캡바 [진핑크/25mm*3m],1,82000,SGM-KPB-BK:캡바 흑색 / SGM-KPB-WH:캡바 백색,
채널용 캡바 [진회색/25mm*3m],1,82000,SGM-KPB-BK:캡바 흑색 / SGM-KPB-WH:캡바 백색,
채널용 캡바 [황색/25mm*3m],1,82000,SGM-KPB-BK:캡바 흑색 / SGM-KPB-WH:캡바 백색,
후판 [130cm],1,81250,,
잉크(CMY) [3리터],1,81000,,
울트라 칼라시트-(내부용) SC-2701 [100폭/흰색/무광],1,80500,,
까치발 [400mm],1,79800,ACC-029-BK:까치발 흑색 / ACC-029-WH:까치발 백색,
돼지표본드 [3kg],1,78900,SGM-PBOND:돼지표본드,
까치발 [1400mm],1,78000,ACC-029-BK:까치발 흑색 / ACC-029-WH:까치발 백색,
채널바 옆마구리 [200mm*100mm/백색],2,76500,SGM-CSM-R150-BK:채널바 옆마구리 150mm 흑 / SGM-CSM-R150-WH:채널바 옆마구리 150mm 백,
45도 보강대 [1box-1000ea],1,75000,,
발통-700 [1box=5ea],1,73750,SGM-FOOT-F700:발통 700mm,
직결피스 [1box-12000ea],1,73200,SGM-SCREW:직결피스,
쌍클립,1,72000,ACC-048:쌍클립,
후판 [120cm],1,72000,,
까치발 [300mm],1,70800,ACC-029-BK:까치발 흑색 / ACC-029-WH:까치발 백색,
빅폴 SET [150*140~240],1,70000,ACC-025:빅폴 SET,
프레임타카핀 710,1,68000,SGM-TACK-T4:타카핀 4mm / SGM-TACK-T6:타카핀 6mm,
발통-400 [1box=6ea],1,67260,SGM-FOOT-F400:발통 400mm,
까치발 [1900mm],1,66100,ACC-029-BK:까치발 흑색 / ACC-029-WH:까치발 백색,
트러스바 보강대 [200mm],1,66000,SGM-TRW-BK:트러스바 날개 흑색 / SGM-TRW-WH:트러스바 날개 백색,
무광인화지 [127폭],1,65000,PJ-MUINH:무광인화지,
경동화물,2,62000,,
아일렛(하도매) [24호/금색],1,61000,ACC-045-5-S:아일렛 5호 은 / ACC-045-5-G:아일렛 5호 금,
하코너,1,60000,SGM-HC:하코너,
후판 [100cm],1,60000,,
까치발 [1700mm],1,59600,ACC-029-BK:까치발 흑색 / ACC-029-WH:까치발 백색,
스텐원형돌출 [600Φ],1,59500,SGM-SRND-D500:스텐원형돌출 500Φ / SGM-SRND-D600:스텐원형돌출 600Φ,
도안지 [125폭],1,58000,RM-DOAN:도안지,
채널바 옆마구리 [300mm*100mm/검정],1,56000,SGM-CSM-R150-BK:채널바 옆마구리 150mm 흑 / SGM-CSM-R150-WH:채널바 옆마구리 150mm 백,
스카시10T-검정,1,54650,UV-SKS-10T-W:UV 스카시 10T 백색 / UV-SKS-10T-B:UV 스카시 10T 검정,
고무자석시트-일반(0.8T) [60폭/10m],1,53000,MAG-060:고무자석시트 / MAG-100:고무자석시트,
까치발 [700mm],1,50550,ACC-029-BK:까치발 흑색 / ACC-029-WH:까치발 백색,
앙고리폴대,1,50000,,
채널바 옆마구리 [250mm*100mm/백색],1,49000,SGM-CSM-R150-BK:채널바 옆마구리 150mm 흑 / SGM-CSM-R150-WH:채널바 옆마구리 150mm 백,
트러스바 옆마구리 [200mm*113mm/백색],1,49000,SGM-TRW-BK:트러스바 날개 흑색 / SGM-TRW-WH:트러스바 날개 백색,
투광기 파이프-ㅡ자형/검정 [700mm],1,48000,SGM-PPIPE-PW:투광기 파이프 백색 / SGM-PPIPE-PB:투광기 파이프 검정,
인두기(열재단) [나무손잡이],1,45000,GDS-INDUGI:인두기(열재단),
채널바 옆마구리 [200mm*100mm/검정],1,45000,SGM-CSM-R150-BK:채널바 옆마구리 150mm 흑 / SGM-CSM-R150-WH:채널바 옆마구리 150mm 백,
실리콘 [투명],1,42500,SGM-SIL:실리콘,
아일렛(하도매) [5호/은색],2,42000,ACC-045-5-S:아일렛 5호 은 / ACC-045-5-G:아일렛 5호 금,
채널바 옆마구리 [400mm*100mm/검정],1,38500,SGM-CSM-R150-BK:채널바 옆마구리 150mm 흑 / SGM-CSM-R150-WH:채널바 옆마구리 150mm 백,
사각족자봉 마개 [그레이],1,35000,SPM022G-105:그레이시트 SPM022G / SPM022G-127:그레이시트 SPM022G,
원형나무 [70폭(20mm)],2,31000,WDR-01:원형나무,
폼보드 [4*8(5T)],1,28500,UV-FOM-5T-W:UV 폼보드 5T 백색 / FOM-5T-W-48:폼보드,
하도매 기계(손기계) [수동],1,28000,GDS-HDMGI:하도매기계(손기계),
잉크(K) [1리터],1,27000,RM-I0014:현수막 잉크-K / RM-I0018:에코솔벤 잉크-K,
채널바 옆마구리 [200mm*100mm/연회색],1,22500,SGM-CSM-R150-BK:채널바 옆마구리 150mm 흑 / SGM-CSM-R150-WH:채널바 옆마구리 150mm 백,
채널바 옆마구리 [150mm*100mm/백색],1,20500,SGM-CSM-R150-BK:채널바 옆마구리 150mm 흑 / SGM-CSM-R150-WH:채널바 옆마구리 150mm 백,
채널바 옆마구리 [150mm*100mm/연회색],1,20500,SGM-CSM-R150-BK:채널바 옆마구리 150mm 흑 / SGM-CSM-R150-WH:채널바 옆마구리 150mm 백,
하도매 자동몰드 [24호(12파이)],1,20000,GDS-HDMGI:하도매기계(손기계),
자동몰드 [9호],1,19000,,
사각족자봉 [94cm],1,17000,ACC-049-SQ:족자봉 사각 85~150cm / ACC-049-CR:족자봉 원형 85~150cm,
족자봉 고리,1,12500,ACC-049-SQ:족자봉 사각 85~150cm / ACC-049-CR:족자봉 원형 85~150cm,
대신화물,1,12000,,
원형족자봉 마개/은색 [16Ø],1,10800,ACC-049-SQ:족자봉 사각 85~150cm / ACC-049-CR:족자봉 원형 85~150cm,
원형족자봉(고리가 안들어가요 교환해주세요) [21Ø],1,0,ACC-049-SQ:족자봉 사각 85~150cm / ACC-049-CR:족자봉 원형 85~150cm,
채널바 옆마구리/미사용 반품 [200mm*113mm/백색],1,-49000,SGM-CSM-R150-BK:채널바 옆마구리 150mm 흑 / SGM-CSM-R150-WH:채널바 옆마구리 150mm 백,
알마이트2T-검정,1,-990000,UV-ALM-2T-S:UV 알마이트 2T 은색 / ALM-2T-S-48:알마이트,
