품목코드,품목명,변동최소기준(참고),면적구간,표본수,거래처수,중앙값(원/m2),Q1,Q3,변동(IQR/중앙),제안 m2단가,현재 base_price,규격없음라인,상태,활성
AQ-BANNER,수성 현수막,실면적,0 <=0.25m2,32,3,14600,13300,25000,0.80,14600,1800,117,운영중(대조용),
AQ-BANNER,수성 현수막,실면적,1 0.25~1m2,314,11,5000,4000,7300,0.66,5000,1800,117,운영중(대조용),
AQ-BANNER,수성 현수막,실면적,2 1~2m2,745,26,3100,2500,3700,0.39,3100,1800,117,운영중(대조용),
AQ-BANNER,수성 현수막,실면적,3 2~4m2,1248,57,2100,1700,2800,0.52,2100,1800,117,운영중(대조용),
AQ-BANNER,수성 현수막,실면적,4 4~8m2,2464,95,1600,1300,2000,0.44,1600,1800,117,운영중(대조용),
AQ-BANNER,수성 현수막,실면적,5 8~16m2,639,55,3000,2500,3500,0.33,3000,1800,117,운영중(대조용),
AQ-BANNER,수성 현수막,실면적,6 16m2+,892,83,3100,3000,3500,0.16,3100,1800,117,운영중(대조용),
AQ-BKLT,수성 백릿,청구면적,1 0.25~1m2,2,1,11000,11000,13000,0.18,,16000,0,운영중(대조용),
AQ-BKLT,수성 백릿,청구면적,2 1~2m2,9,2,16000,15000,18300,0.21,16000,16000,0,운영중(대조용),
AQ-BKLT,수성 백릿,청구면적,3 2~4m2,3,1,18100,16700,18200,0.08,18100,16000,0,운영중(대조용),
AQ-BUJIK,수성 부직포,청구면적,1 0.25~1m2,6,2,1300,900,4000,2.38,1300,4000,1,운영중(대조용),
AQ-BUJIK,수성 부직포,청구면적,2 1~2m2,1,1,4500,4500,4500,0.00,,4000,1,운영중(대조용),
AQ-BUJIK,수성 부직포,청구면적,3 2~4m2,2,1,1300,1300,4300,2.31,,4000,1,운영중(대조용),
AQ-BUJIK,수성 부직포,청구면적,4 4~8m2,2,1,6000,6000,8000,0.33,,4000,1,운영중(대조용),
AQ-INB,수성 실내배너,동등,2 1~2m2,90,25,5600,3900,6700,0.50,5600,5600,0,운영중(대조용),
AQ-KEL,수성 켈,청구면적,1 0.25~1m2,8,2,8000,1500,10000,1.06,8000,10000,0,운영중(대조용),
AQ-KEL,수성 켈,청구면적,2 1~2m2,19,3,10000,7100,11800,0.47,10000,10000,0,운영중(대조용),
AQ-KEL,수성 켈,청구면적,3 2~4m2,14,2,11900,9700,13600,0.33,11900,10000,0,운영중(대조용),
AQ-KEL,수성 켈,청구면적,4 4~8m2,3,1,11200,9800,11700,0.17,11200,10000,0,운영중(대조용),
AQ-MNB,수성 미니배너,동등,1 0.25~1m2,8,5,4000,4000,4000,0.00,4000,4000,0,운영중(대조용),
AQ-PAT,수성 패트,청구면적,1 0.25~1m2,71,7,7200,5000,8000,0.42,7200,6700,13,운영중(대조용),
AQ-PAT,수성 패트,청구면적,2 1~2m2,530,70,6700,5600,6700,0.16,6700,6700,13,운영중(대조용),
AQ-PAT,수성 패트,청구면적,3 2~4m2,34,3,11700,10000,14000,0.34,11700,6700,13,운영중(대조용),
AQ-PAT,수성 패트,청구면적,4 4~8m2,1,1,4100,4100,4100,0.00,,6700,13,운영중(대조용),
AQ-PAT,수성 패트,청구면적,5 8~16m2,1,1,800,800,800,0.00,,6700,13,운영중(대조용),
AQ-SASH,수성 어깨띠,실면적,0 <=0.25m2,14,2,16200,13900,16700,0.17,16200,1800,0,운영중(대조용),
AQ-SASH,수성 어깨띠,실면적,1 0.25~1m2,9,1,16700,13300,20800,0.45,16700,1800,0,운영중(대조용),
AQ-SASH,수성 어깨띠,실면적,2 1~2m2,1,1,2100,2100,2100,0.00,,1800,0,운영중(대조용),
AQ-SYN,수성 합성지,실면적,0 <=0.25m2,18,1,22200,19000,24000,0.23,22200,5000,0,운영중(대조용),
AQ-SYN,수성 합성지,실면적,1 0.25~1m2,17,1,18200,13300,21000,0.42,18200,5000,0,운영중(대조용),
AQ-SYN,수성 합성지,실면적,2 1~2m2,10,1,10100,10000,11600,0.16,10100,5000,0,운영중(대조용),
AQ-SYN,수성 합성지,실면적,3 2~4m2,4,1,8700,8500,9300,0.09,8700,5000,0,운영중(대조용),
AQ-SYN,수성 합성지,실면적,6 16m2+,1,1,10000,10000,10000,0.00,,5000,0,운영중(대조용),
AQ-TENT,수성 텐트천,동등,1 0.25~1m2,2,1,2500,2500,7500,2.00,,7500,1,운영중(대조용),
AQ-TENT,수성 텐트천,동등,2 1~2m2,1,1,7500,7500,7500,0.00,,7500,1,운영중(대조용),
AQ-TENT,수성 텐트천,동등,3 2~4m2,2,1,8600,8600,12900,0.50,,7500,1,운영중(대조용),
AQ-TENT,수성 텐트천,동등,4 4~8m2,38,1,7500,7500,7600,0.01,7500,7500,1,운영중(대조용),
AQ-TENT,수성 텐트천,동등,5 8~16m2,1,1,7300,7300,7300,0.00,,7500,1,운영중(대조용),
AQ-TENT,수성 텐트천,동등,6 16m2+,1,1,7100,7100,7100,0.00,,7500,1,운영중(대조용),
SV-BANNER,솔벤 현수막,동등,1 0.25~1m2,34,6,7000,4000,9000,0.71,7000,7100,17,운영중(대조용),
SV-BANNER,솔벤 현수막,동등,2 1~2m2,58,5,7000,4000,9000,0.71,7000,7100,17,운영중(대조용),
SV-BANNER,솔벤 현수막,동등,3 2~4m2,324,15,7700,7000,9000,0.26,7700,7100,17,운영중(대조용),
SV-BANNER,솔벤 현수막,동등,4 4~8m2,397,18,7000,7000,9000,0.29,7000,7100,17,운영중(대조용),
SV-BANNER,솔벤 현수막,동등,5 8~16m2,112,18,7300,6900,9000,0.29,7300,7100,17,운영중(대조용),
SV-BANNER,솔벤 현수막,동등,6 16m2+,146,16,7100,6900,8900,0.28,7100,7100,17,운영중(대조용),
SV-FLEXL,솔벤 조명후렉스,동등,1 0.25~1m2,2,1,7000,7000,8500,0.21,,8400,3,운영중(대조용),
SV-FLEXL,솔벤 조명후렉스,동등,2 1~2m2,4,1,8400,7000,8500,0.18,8400,8400,3,운영중(대조용),
SV-FLEXL,솔벤 조명후렉스,동등,3 2~4m2,20,2,8200,7400,8500,0.13,8200,8400,3,운영중(대조용),
SV-FLEXL,솔벤 조명후렉스,동등,4 4~8m2,8,2,8500,8300,9800,0.18,8500,8400,3,운영중(대조용),
SV-FLEXL,솔벤 조명후렉스,동등,5 8~16m2,9,1,8500,7000,9400,0.28,8500,8400,3,운영중(대조용),
SV-FLEXL,솔벤 조명후렉스,동등,6 16m2+,1,1,14200,14200,14200,0.00,,8400,3,운영중(대조용),
SV-FLEXN,솔벤 비조명후렉스,표본부족,4 4~8m2,1,1,24300,24300,24300,0.00,,0,1,공백(대상),
SV-FLEXN,솔벤 비조명후렉스,표본부족,5 8~16m2,1,1,25900,25900,25900,0.00,,0,1,공백(대상),
SV-FLEXN,솔벤 비조명후렉스,표본부족,6 16m2+,1,1,26300,26300,26300,0.00,,0,1,공백(대상),
SV-LSHT,솔벤 조명시트,실면적,1 0.25~1m2,7,1,17200,15000,22200,0.42,17200,13900,106,운영중(대조용),
SV-LSHT,솔벤 조명시트,실면적,2 1~2m2,4,1,18100,15000,19900,0.27,18100,13900,106,운영중(대조용),
SV-LSHT,솔벤 조명시트,실면적,3 2~4m2,1,1,17100,17100,17100,0.00,,13900,106,운영중(대조용),
SV-MESH,솔벤 매쉬,실면적,0 <=0.25m2,2,1,18800,18800,28000,0.49,,7800,3,운영중(대조용),
SV-MESH,솔벤 매쉬,실면적,1 0.25~1m2,8,2,13300,13300,16700,0.26,13300,7800,3,운영중(대조용),
SV-MESH,솔벤 매쉬,실면적,2 1~2m2,85,16,13000,11100,13000,0.15,13000,7800,3,운영중(대조용),
SV-MESH,솔벤 매쉬,실면적,3 2~4m2,9,2,13900,11000,15000,0.29,13900,7800,3,운영중(대조용),
SV-MESH,솔벤 매쉬,실면적,4 4~8m2,4,1,11700,8800,15600,0.58,11700,7800,3,운영중(대조용),
SV-MESH,솔벤 매쉬,실면적,5 8~16m2,5,1,13000,12500,16300,0.29,13000,7800,3,운영중(대조용),
SV-MESH,솔벤 매쉬,실면적,6 16m2+,2,1,1700,1700,13000,6.65,,7800,3,운영중(대조용),
SV-SHEET,솔벤 시트,청구면적,1 0.25~1m2,190,19,7000,5000,10000,0.71,7000,10000,109,운영중(대조용),
SV-SHEET,솔벤 시트,청구면적,2 1~2m2,518,16,10000,9000,12500,0.35,10000,10000,109,운영중(대조용),
SV-SHEET,솔벤 시트,청구면적,3 2~4m2,476,14,10500,9100,11700,0.25,10500,10000,109,운영중(대조용),
SV-SHEET,솔벤 시트,청구면적,4 4~8m2,101,6,10600,8900,11100,0.21,10600,10000,109,운영중(대조용),
SV-SHEET,솔벤 시트,청구면적,5 8~16m2,16,3,9900,8500,11000,0.25,9900,10000,109,운영중(대조용),
SV-SHEET,솔벤 시트,청구면적,6 16m2+,4,2,11000,9000,11000,0.18,11000,10000,109,운영중(대조용),
SV-SHEETG,솔벤 그레이시트,청구면적,1 0.25~1m2,44,6,7000,5000,10000,0.71,7000,10500,7,운영중(대조용),
SV-SHEETG,솔벤 그레이시트,청구면적,2 1~2m2,118,4,10600,9900,12000,0.20,10600,10500,7,운영중(대조용),
SV-SHEETG,솔벤 그레이시트,청구면적,3 2~4m2,158,7,10600,10000,11100,0.10,10600,10500,7,운영중(대조용),
SV-SHEETG,솔벤 그레이시트,청구면적,4 4~8m2,15,2,10800,9600,11600,0.19,10800,10500,7,운영중(대조용),
SV-TENT,솔벤 텐트천,동등,2 1~2m2,5,2,14500,12000,14500,0.17,14500,13900,1,운영중(대조용),
SV-TENT,솔벤 텐트천,동등,3 2~4m2,3,1,14600,12000,15200,0.22,14600,13900,1,운영중(대조용),
SV-TENT,솔벤 텐트천,동등,4 4~8m2,4,1,14500,12300,14600,0.16,14500,13900,1,운영중(대조용),
SV-TENT,솔벤 텐트천,동등,5 8~16m2,4,1,13900,13300,14100,0.06,13900,13900,1,운영중(대조용),
SV-TENT,솔벤 텐트천,동등,6 16m2+,11,1,12600,12000,14500,0.20,12600,13900,1,운영중(대조용),
SV-WRAP,솔벤 랩핑시트,동등,1 0.25~1m2,8,1,3500,700,12000,3.23,3500,14300,1,운영중(대조용),
SV-WRAP,솔벤 랩핑시트,동등,2 1~2m2,26,2,14500,11500,17600,0.42,14500,14300,1,운영중(대조용),
SV-WRAP,솔벤 랩핑시트,동등,3 2~4m2,32,3,14700,12800,15900,0.21,14700,14300,1,운영중(대조용),
SV-WRAP,솔벤 랩핑시트,동등,4 4~8m2,1,1,15000,15000,15000,0.00,,14300,1,운영중(대조용),
SV-WRAP,솔벤 랩핑시트,동등,5 8~16m2,4,1,13000,13000,13000,0.00,13000,14300,1,운영중(대조용),
SV-WRAP,솔벤 랩핑시트,동등,6 16m2+,1,1,16000,16000,16000,0.00,,14300,1,운영중(대조용),
TRE-ME,전사 어구실명제,동등,1 0.25~1m2,20,1,3500,3000,3500,0.14,3500,3500,0,운영중(대조용),
TRFB,전사 외국기배너,동등,2 1~2m2,5,1,3100,3100,3100,0.00,3100,3100,0,운영중(대조용),
TRG-ME,전사 깃발 매쉬,실면적,0 <=0.25m2,10,1,11200,8800,15000,0.55,11200,1500,0,운영중(대조용),
TRG-ME,전사 깃발 매쉬,실면적,1 0.25~1m2,2,1,3600,3600,47600,12.22,,1500,0,운영중(대조용),
TRG-ME,전사 깃발 매쉬,실면적,2 1~2m2,1,1,8300,8300,8300,0.00,,1500,0,운영중(대조용),
TRG-ME,전사 깃발 매쉬,실면적,3 2~4m2,1,1,8100,8100,8100,0.00,,1500,0,운영중(대조용),
TRG-PO,전사 깃발 폰지,실면적,0 <=0.25m2,55,3,11400,8700,18500,0.86,11400,5000,10,운영중(대조용),
TRG-PO,전사 깃발 폰지,실면적,1 0.25~1m2,300,24,7400,5200,9300,0.55,7400,5000,10,운영중(대조용),
TRG-PO,전사 깃발 폰지,실면적,2 1~2m2,597,57,5900,4100,7400,0.56,5900,5000,10,운영중(대조용),
TRG-PO,전사 깃발 폰지,실면적,3 2~4m2,142,20,7400,6000,8900,0.39,7400,5000,10,운영중(대조용),
TRG-PO,전사 깃발 폰지,실면적,4 4~8m2,36,6,6800,6500,8200,0.25,6800,5000,10,운영중(대조용),
TRG-PO,전사 깃발 폰지,실면적,5 8~16m2,16,2,6700,6300,8100,0.27,6700,5000,10,운영중(대조용),
TRG-PO,전사 깃발 폰지,실면적,6 16m2+,10,1,6200,6000,6700,0.11,6200,5000,10,운영중(대조용),
TRG-SA,전사 깃발 샤틴,청구면적,1 0.25~1m2,1,1,10000,10000,10000,0.00,,10000,1,운영중(대조용),
TRG-SA,전사 깃발 샤틴,청구면적,2 1~2m2,4,1,8300,8300,10000,0.20,8300,10000,1,운영중(대조용),
TRGI-ME,전사 자이언트배너 매쉬,표본부족,3 2~4m2,3,1,3800,3800,4600,0.21,3800,0,0,공백(대상),
TRGI-ME,전사 자이언트배너 매쉬,표본부족,4 4~8m2,1,1,5000,5000,5000,0.00,,0,0,공백(대상),
TRGI-PO,전사 자이언트배너 폰지,실면적,2 1~2m2,11,4,6800,5700,6800,0.16,6800,6900,0,운영중(대조용),
TRGI-PO,전사 자이언트배너 폰지,실면적,3 2~4m2,35,4,6900,6300,6900,0.09,6900,6900,0,운영중(대조용),
TRGI-PO,전사 자이언트배너 폰지,실면적,4 4~8m2,7,5,6300,6300,6300,0.00,6300,6900,0,운영중(대조용),
TRM-ME,전사 만장기 매쉬,실면적,2 1~2m2,2,1,11200,11200,12500,0.12,,8800,0,운영중(대조용),
TRM-ME,전사 만장기 매쉬,실면적,3 2~4m2,3,1,9100,9100,11400,0.25,9100,8800,0,운영중(대조용),
TRM-PO,전사 만장기 폰지,실면적,1 0.25~1m2,7,1,10200,10200,20000,0.96,10200,11300,0,운영중(대조용),
TRM-PO,전사 만장기 폰지,실면적,2 1~2m2,4,1,25600,25600,29200,0.14,25600,11300,0,운영중(대조용),
TRM-PO,전사 만장기 폰지,실면적,3 2~4m2,9,1,18800,7400,19400,0.64,18800,11300,0,운영중(대조용),
TRM-PO,전사 만장기 폰지,실면적,6 16m2+,1,1,10000,10000,10000,0.00,,11300,0,운영중(대조용),
TRM-SA,전사 만장기 샤틴,표본부족,3 2~4m2,4,1,13300,13300,13300,0.00,13300,0,0,공백(대상),
TRTB,전사 태극기배너,청구면적,2 1~2m2,30,4,2200,1700,2800,0.50,2200,2200,0,운영중(대조용),
TRTB,전사 태극기배너,청구면적,3 2~4m2,1,1,1900,1900,1900,0.00,,2200,0,운영중(대조용),
TRW-ME-F,전사 윈드배너 매쉬 F형,청구면적,2 1~2m2,4,1,7200,7200,7200,0.00,7200,5700,0,운영중(대조용),
TRW-ME-F,전사 윈드배너 매쉬 F형,청구면적,3 2~4m2,7,2,5700,4700,5700,0.18,5700,5700,0,운영중(대조용),
TRW-ME-F,전사 윈드배너 매쉬 F형,청구면적,4 4~8m2,3,2,5300,5300,5300,0.00,5300,5700,0,운영중(대조용),
TRW-ME-S,전사 윈드배너 매쉬 S형,청구면적,2 1~2m2,27,4,6500,5000,6500,0.23,6500,5700,0,운영중(대조용),
TRW-ME-S,전사 윈드배너 매쉬 S형,청구면적,3 2~4m2,45,4,5700,4700,5700,0.18,5700,5700,0,운영중(대조용),
TRW-PO-F,전사 윈드배너 폰지 F형,청구면적,2 1~2m2,3,1,6100,3900,7200,0.54,6100,5400,0,운영중(대조용),
TRW-PO-F,전사 윈드배너 폰지 F형,청구면적,3 2~4m2,11,5,5400,5200,5700,0.09,5400,5400,0,운영중(대조용),
TRW-PO-F,전사 윈드배너 폰지 F형,청구면적,4 4~8m2,2,1,4300,4300,5300,0.23,,5400,0,운영중(대조용),
TRW-PO-S,전사 윈드배너 폰지 S형,청구면적,2 1~2m2,36,8,6000,5000,6700,0.28,6000,5600,18,운영중(대조용),
TRW-PO-S,전사 윈드배너 폰지 S형,청구면적,3 2~4m2,89,13,5300,5000,5800,0.15,5300,5600,18,운영중(대조용),
TRWK-ME-S,전사 워킹배너 매쉬 S형,동등,2 1~2m2,86,1,6900,6200,8200,0.29,6900,6900,1,운영중(대조용),
TRWK-PO-S,전사 워킹배너 폰지 S형,청구면적,1 0.25~1m2,1,1,10000,10000,10000,0.00,,6200,1,운영중(대조용),
TRWK-PO-S,전사 워킹배너 폰지 S형,청구면적,2 1~2m2,5,1,6200,6200,10900,0.76,6200,6200,1,운영중(대조용),
UV-ACR-2T-W,UV 아크릴 2T 백색,실면적,0 <=0.25m2,6,1,362300,170100,500000,0.91,362300,0,14,공백(대상),
UV-ACR-3T-B,UV 아크릴 3T 검정,표본부족,1 0.25~1m2,1,1,25000,25000,25000,0.00,,0,6,공백(대상),
UV-ACR-3T-W,UV 아크릴 3T 백색,표본부족,1 0.25~1m2,1,1,5000,5000,5000,0.00,,0,7,공백(대상),
UV-ACR-5T-C,UV 아크릴 5T 투명,표본부족,1 0.25~1m2,1,1,65000,65000,65000,0.00,,0,3,공백(대상),
UV-ACR-5T-C,UV 아크릴 5T 투명,표본부족,3 2~4m2,2,1,2600,2600,353900,135.12,,0,3,공백(대상),
UV-ACR-5T-W,UV 아크릴 5T 백색,청구면적,1 0.25~1m2,5,1,40000,30000,45000,0.38,40000,30000,26,운영중(대조용),
UV-ACR-5T-W,UV 아크릴 5T 백색,청구면적,3 2~4m2,1,1,4200,4200,4200,0.00,,30000,26,운영중(대조용),
UV-ALM-2T-S,UV 알마이트 2T 은색,실면적,0 <=0.25m2,5,1,43300,36800,64400,0.64,43300,7300,4,운영중(대조용),
UV-ALM-2T-S,UV 알마이트 2T 은색,실면적,1 0.25~1m2,1,1,15900,15900,15900,0.00,,7300,4,운영중(대조용),
UV-ALM-2T-S,UV 알마이트 2T 은색,실면적,2 1~2m2,2,1,22200,22200,25200,0.14,,7300,4,운영중(대조용),
UV-BANNER,UV 현수막,동등,1 0.25~1m2,2,1,7000,7000,7000,0.00,,8200,0,운영중(대조용),
UV-BANNER,UV 현수막,동등,3 2~4m2,1,1,8100,8100,8100,0.00,,8200,0,운영중(대조용),
UV-BANNER,UV 현수막,동등,4 4~8m2,2,1,9400,9400,9700,0.03,,8200,0,운영중(대조용),
UV-BANNER,UV 현수막,동등,5 8~16m2,4,1,8000,7800,8200,0.05,8000,8200,0,운영중(대조용),
UV-BANNER,UV 현수막,동등,6 16m2+,2,1,9700,9700,9800,0.01,,8200,0,운영중(대조용),
UV-BKLT,UV 백릿,표본부족,2 1~2m2,2,1,17300,17300,20800,0.20,,0,0,공백(대상),
UV-CLEAR,UV 클리어필름,동등,1 0.25~1m2,15,3,10000,6500,13000,0.65,10000,14500,2,운영중(대조용),
UV-CLEAR,UV 클리어필름,동등,2 1~2m2,22,2,12500,7900,15300,0.59,12500,14500,2,운영중(대조용),
UV-CLEAR,UV 클리어필름,동등,3 2~4m2,29,3,14800,14400,18000,0.24,14800,14500,2,운영중(대조용),
UV-CLEAR,UV 클리어필름,동등,4 4~8m2,5,1,18800,16700,19300,0.14,18800,14500,2,운영중(대조용),
UV-CLEAR,UV 클리어필름,동등,5 8~16m2,1,1,16000,16000,16000,0.00,,14500,2,운영중(대조용),
UV-CLEAR,UV 클리어필름,동등,6 16m2+,1,1,19600,19600,19600,0.00,,14500,2,운영중(대조용),
UV-EMBO,UV 엠보시트,동등,1 0.25~1m2,1,1,12000,12000,12000,0.00,,9600,1,운영중(대조용),
UV-EMBO,UV 엠보시트,동등,2 1~2m2,17,3,9700,7600,11900,0.44,9700,9600,1,운영중(대조용),
UV-EMBO,UV 엠보시트,동등,3 2~4m2,11,1,8500,8100,11100,0.35,8500,9600,1,운영중(대조용),
UV-EMBO,UV 엠보시트,동등,4 4~8m2,2,1,8200,8200,10400,0.27,,9600,1,운영중(대조용),
UV-EMBO,UV 엠보시트,동등,5 8~16m2,1,1,12700,12700,12700,0.00,,9600,1,운영중(대조용),
UV-FLEXD,UV 양면배너후렉스,청구면적,1 0.25~1m2,2,1,3500,3500,4000,0.14,,27800,2,운영중(대조용),
UV-FLEXD,UV 양면배너후렉스,청구면적,2 1~2m2,14,2,27800,16700,44400,1.00,27800,27800,2,운영중(대조용),
UV-FLEXD,UV 양면배너후렉스,청구면적,3 2~4m2,1,1,32800,32800,32800,0.00,,27800,2,운영중(대조용),
UV-FLEXL,UV 조명후렉스,청구면적,1 0.25~1m2,10,5,10000,10000,10500,0.05,10000,10000,17,운영중(대조용),
UV-FLEXL,UV 조명후렉스,청구면적,2 1~2m2,51,13,9700,8000,10000,0.21,9700,10000,17,운영중(대조용),
UV-FLEXL,UV 조명후렉스,청구면적,3 2~4m2,141,27,9800,8000,10000,0.20,9800,10000,17,운영중(대조용),
UV-FLEXL,UV 조명후렉스,청구면적,4 4~8m2,142,25,10000,8000,10100,0.21,10000,10000,17,운영중(대조용),
UV-FLEXL,UV 조명후렉스,청구면적,5 8~16m2,58,11,9600,8000,10000,0.21,9600,10000,17,운영중(대조용),
UV-FLEXL,UV 조명후렉스,청구면적,6 16m2+,27,7,10000,9500,11600,0.21,10000,10000,17,운영중(대조용),
UV-FLEXN,UV 비조명후렉스,청구면적,1 0.25~1m2,4,1,8000,5000,10000,0.63,8000,10000,4,운영중(대조용),
UV-FLEXN,UV 비조명후렉스,청구면적,2 1~2m2,5,2,10000,9800,10000,0.02,10000,10000,4,운영중(대조용),
UV-FLEXN,UV 비조명후렉스,청구면적,3 2~4m2,23,5,10000,9700,10000,0.03,10000,10000,4,운영중(대조용),
UV-FLEXN,UV 비조명후렉스,청구면적,4 4~8m2,21,4,10000,9200,10000,0.08,10000,10000,4,운영중(대조용),
UV-FLEXN,UV 비조명후렉스,청구면적,5 8~16m2,23,6,10000,9400,10000,0.06,10000,10000,4,운영중(대조용),
UV-FLEXN,UV 비조명후렉스,청구면적,6 16m2+,6,1,11900,11500,16500,0.42,11900,10000,4,운영중(대조용),
UV-FMX-10T-W,UV 포맥스 10T 백색,동등,1 0.25~1m2,7,1,68000,24500,135000,1.63,68000,48100,0,운영중(대조용),
UV-FMX-10T-W,UV 포맥스 10T 백색,동등,2 1~2m2,6,1,40800,34400,85200,1.25,40800,48100,0,운영중(대조용),
UV-FMX-10T-W,UV 포맥스 10T 백색,동등,3 2~4m2,7,1,48700,29200,101000,1.47,48700,48100,0,운영중(대조용),
UV-FMX-2T-B,UV 포맥스 2T 검정,표본부족,1 0.25~1m2,2,1,2000,2000,18000,8.00,,0,1,공백(대상),
UV-FMX-2T-W,UV 포맥스 2T 백색,청구면적,1 0.25~1m2,52,4,5000,2000,8500,1.30,5000,15000,1,운영중(대조용),
UV-FMX-2T-W,UV 포맥스 2T 백색,청구면적,2 1~2m2,29,1,23400,20900,25300,0.19,23400,15000,1,운영중(대조용),
UV-FMX-2T-W,UV 포맥스 2T 백색,청구면적,3 2~4m2,22,2,23500,19200,24700,0.23,23500,15000,1,운영중(대조용),
UV-FMX-3T-W,UV 포맥스 3T 백색,동등,1 0.25~1m2,82,5,12000,5000,18500,1.13,12000,16900,13,운영중(대조용),
UV-FMX-3T-W,UV 포맥스 3T 백색,동등,2 1~2m2,30,1,24700,20000,28200,0.33,24700,16900,13,운영중(대조용),
UV-FMX-3T-W,UV 포맥스 3T 백색,동등,3 2~4m2,36,2,24300,16900,27400,0.43,24300,16900,13,운영중(대조용),
UV-FMX-3T-W,UV 포맥스 3T 백색,동등,4 4~8m2,1,1,3900,3900,3900,0.00,,16900,13,운영중(대조용),
UV-FMX-5T-B,UV 포맥스 5T 검정,실면적,0 <=0.25m2,2,1,55600,55600,58300,0.05,,0,0,공백(대상),
UV-FMX-5T-B,UV 포맥스 5T 검정,실면적,1 0.25~1m2,2,1,26100,26100,40000,0.53,,0,0,공백(대상),
UV-FMX-5T-B,UV 포맥스 5T 검정,실면적,3 2~4m2,2,1,41500,41500,43200,0.04,,0,0,공백(대상),
UV-FMX-5T-W,UV 포맥스 5T 백색,실면적,0 <=0.25m2,40,2,60200,45800,125000,1.32,60200,17100,17,운영중(대조용),
UV-FMX-5T-W,UV 포맥스 5T 백색,실면적,1 0.25~1m2,31,2,41200,36000,55600,0.48,41200,17100,17,운영중(대조용),
UV-FMX-5T-W,UV 포맥스 5T 백색,실면적,2 1~2m2,19,2,36600,27800,40800,0.36,36600,17100,17,운영중(대조용),
UV-FMX-5T-W,UV 포맥스 5T 백색,실면적,3 2~4m2,8,1,35700,24600,36800,0.34,35700,17100,17,운영중(대조용),
UV-FMX-5T-W,UV 포맥스 5T 백색,실면적,4 4~8m2,1,1,35500,35500,35500,0.00,,17100,17,운영중(대조용),
UV-FMX-8T-B,UV 포맥스 8T 검정,표본부족,1 0.25~1m2,1,1,23000,23000,23000,0.00,,0,0,공백(대상),
UV-FMX-8T-W,UV 포맥스 8T 백색,청구면적,1 0.25~1m2,14,1,23000,23000,23000,0.00,23000,23000,1,운영중(대조용),
UV-FMX-8T-W,UV 포맥스 8T 백색,청구면적,2 1~2m2,6,1,36900,30000,41700,0.32,36900,23000,1,운영중(대조용),
UV-FOM-5T-W,UV 폼보드 5T 백색,실면적,0 <=0.25m2,40,2,52100,40600,88800,0.93,52100,18500,4,운영중(대조용),
UV-FOM-5T-W,UV 폼보드 5T 백색,실면적,1 0.25~1m2,41,2,36400,31300,40000,0.24,36400,18500,4,운영중(대조용),
UV-FOM-5T-W,UV 폼보드 5T 백색,실면적,2 1~2m2,10,1,29000,28000,30400,0.08,29000,18500,4,운영중(대조용),
UV-FOM-5T-W,UV 폼보드 5T 백색,실면적,3 2~4m2,7,1,27200,27000,27500,0.02,27200,18500,4,운영중(대조용),
UV-FOM-5T-W,UV 폼보드 5T 백색,실면적,6 16m2+,1,1,900,900,900,0.00,,18500,4,운영중(대조용),
UV-JJN-06T,UV 자작나무 6t,실면적,0 <=0.25m2,36,1,148100,120000,277800,1.07,148100,0,0,공백(대상),
UV-JJN-06T,UV 자작나무 6t,실면적,1 0.25~1m2,19,1,111100,110000,113200,0.03,111100,0,0,공백(대상),
UV-JJN-06T,UV 자작나무 6t,실면적,2 1~2m2,3,1,111100,109800,125100,0.14,111100,0,0,공백(대상),
UV-JJN-06T,UV 자작나무 6t,실면적,3 2~4m2,4,1,120100,118600,139300,0.17,120100,0,0,공백(대상),
UV-JJN-09T,UV 자작나무 9t,실면적,0 <=0.25m2,7,1,163000,122000,180200,0.36,163000,0,0,공백(대상),
UV-JJN-09T,UV 자작나무 9t,실면적,1 0.25~1m2,1,1,145400,145400,145400,0.00,,0,0,공백(대상),
UV-JJN-12T,UV 자작나무 12t,청구면적,1 0.25~1m2,33,1,21000,21000,21000,0.00,21000,21000,1,운영중(대조용),
UV-JJN-12T,UV 자작나무 12t,청구면적,2 1~2m2,4,1,64500,48500,148300,1.55,64500,21000,1,운영중(대조용),
UV-JJN-12T,UV 자작나무 12t,청구면적,3 2~4m2,3,1,145500,7000,150300,0.98,145500,21000,1,운영중(대조용),
UV-MESH,UV 매쉬,표본부족,2 1~2m2,1,1,11100,11100,11100,0.00,,0,0,공백(대상),
UV-PATC,UV 투명패트,표본부족,1 0.25~1m2,1,1,15000,15000,15000,0.00,,0,1,공백(대상),
UV-PATC,UV 투명패트,표본부족,2 1~2m2,1,1,15000,15000,15000,0.00,,0,1,공백(대상),
UV-PC-2T-M,UV 광확산PC 2T 유백,실면적,0 <=0.25m2,2,1,40000,40000,197600,3.94,,14400,5,운영중(대조용),
UV-PC-2T-M,UV 광확산PC 2T 유백,실면적,1 0.25~1m2,3,1,51200,29200,57500,0.55,51200,14400,5,운영중(대조용),
UV-PC-3T-M,UV 광확산PC 3T 유백,표본부족,1 0.25~1m2,2,1,70000,70000,190000,1.71,,0,3,공백(대상),
UV-PC-3T-M,UV 광확산PC 3T 유백,표본부족,2 1~2m2,1,1,14700,14700,14700,0.00,,0,3,공백(대상),
UV-PC-3T-M,UV 광확산PC 3T 유백,표본부족,3 2~4m2,1,1,135100,135100,135100,0.00,,0,3,공백(대상),
UV-PDK-F,UV 뽀닥 호일형,표본부족,3 2~4m2,1,1,85000,85000,85000,0.00,,0,1,공백(대상),
UV-PDK-F,UV 뽀닥 호일형,표본부족,4 4~8m2,1,1,84900,84900,84900,0.00,,0,1,공백(대상),
UV-PDK-F,UV 뽀닥 호일형,표본부족,5 8~16m2,1,1,85000,85000,85000,0.00,,0,1,공백(대상),
UV-PDK-J,UV 뽀닥 직물형,실면적,0 <=0.25m2,4,1,59500,55400,86400,0.52,59500,0,0,공백(대상),
UV-PDK-J,UV 뽀닥 직물형,실면적,1 0.25~1m2,3,1,60000,49400,130200,1.35,60000,0,0,공백(대상),
UV-PDK-J,UV 뽀닥 직물형,실면적,2 1~2m2,2,1,5500,5500,53200,8.67,,0,0,공백(대상),
UV-PDK-J,UV 뽀닥 직물형,실면적,4 4~8m2,1,1,51000,51000,51000,0.00,,0,0,공백(대상),
UV-PRM-W,UV 고휘도반사 백색,청구면적,1 0.25~1m2,1,1,16000,16000,16000,0.00,,22700,0,운영중(대조용),
UV-PRM-W,UV 고휘도반사 백색,청구면적,2 1~2m2,3,1,22300,10900,23100,0.55,22300,22700,0,운영중(대조용),
UV-PRM-W,UV 고휘도반사 백색,청구면적,3 2~4m2,2,1,22700,22700,23400,0.03,,22700,0,운영중(대조용),
UV-PRM-W,UV 고휘도반사 백색,청구면적,4 4~8m2,1,1,26900,26900,26900,0.00,,22700,0,운영중(대조용),
UV-SHEET,UV 시트,청구면적,1 0.25~1m2,35,2,5000,4000,7000,0.60,5000,7900,6,운영중(대조용),
UV-SHEET,UV 시트,청구면적,2 1~2m2,47,3,8000,7600,10000,0.30,8000,7900,6,운영중(대조용),
UV-SHEET,UV 시트,청구면적,3 2~4m2,66,3,7900,6900,9800,0.37,7900,7900,6,운영중(대조용),
UV-SHEET,UV 시트,청구면적,4 4~8m2,28,2,8200,7700,8800,0.13,8200,7900,6,운영중(대조용),
UV-SHEET,UV 시트,청구면적,5 8~16m2,4,1,7900,7700,8000,0.04,7900,7900,6,운영중(대조용),
UV-SHEET,UV 시트,청구면적,6 16m2+,1,1,9000,9000,9000,0.00,,7900,6,운영중(대조용),
UV-SHEETG,UV 그레이시트,동등,1 0.25~1m2,23,2,400,400,1500,2.75,400,7600,1,운영중(대조용),
UV-SHEETG,UV 그레이시트,동등,2 1~2m2,13,2,8800,7800,9600,0.20,8800,7600,1,운영중(대조용),
UV-SHEETG,UV 그레이시트,동등,3 2~4m2,8,2,8000,6900,8300,0.17,8000,7600,1,운영중(대조용),
UV-SHEETG,UV 그레이시트,동등,4 4~8m2,7,1,8000,7700,9000,0.16,8000,7600,1,운영중(대조용),
UV-SHEETG,UV 그레이시트,동등,5 8~16m2,3,1,7600,7600,8900,0.17,7600,7600,1,운영중(대조용),
UV-SKS-10T-B,UV 스카시 10T 검정,표본부족,2 1~2m2,1,1,37300,37300,37300,0.00,,0,7,공백(대상),
UV-SKS-20T-B,UV 스카시 20T 검정,표본부족,1 0.25~1m2,2,1,68000,68000,280000,3.12,,0,22,공백(대상),
UV-SKS-20T-B,UV 스카시 20T 검정,표본부족,2 1~2m2,1,1,27800,27800,27800,0.00,,0,22,공백(대상),
UV-SKS-20T-W,UV 스카시 20T 백색,표본부족,2 1~2m2,1,1,102600,102600,102600,0.00,,0,2,공백(대상),
UV-SKS-30T-W,UV 스카시 30T 백색,표본부족,1 0.25~1m2,1,1,120000,120000,120000,0.00,,0,7,공백(대상),
UV-SKS-30T-W,UV 스카시 30T 백색,표본부족,2 1~2m2,1,1,223500,223500,223500,0.00,,0,7,공백(대상),
UV-SKS-30T-W,UV 스카시 30T 백색,표본부족,3 2~4m2,1,1,76400,76400,76400,0.00,,0,7,공백(대상),
UV-SPC031G,UV 투명시트,실면적,0 <=0.25m2,4,1,13900,11100,27700,1.19,13900,10000,1,운영중(대조용),
UV-SPC031G,UV 투명시트,실면적,1 0.25~1m2,7,1,19800,13100,27400,0.72,19800,10000,1,운영중(대조용),
UV-SPC031G,UV 투명시트,실면적,2 1~2m2,4,1,12000,8500,15300,0.57,12000,10000,1,운영중(대조용),
UV-SPC031G,UV 투명시트,실면적,3 2~4m2,3,1,21100,11200,23200,0.57,21100,10000,1,운영중(대조용),
UV-SPC031G,UV 투명시트,실면적,6 16m2+,1,1,21000,21000,21000,0.00,,10000,1,운영중(대조용),
UV-TENT,UV 텐트천,표본부족,3 2~4m2,2,1,13100,13100,13100,0.00,,0,0,공백(대상),
