품목코드,품목명,카테고리,유형,방식,단위,활성,판매이력라인,원가(avg_unit_cost),참조마진,마진출처,마진IQR,제안가(원가×마진 100원반올림)
ACC-013,배너대 조립(조당),상품,GOODS,FIXED,EA,,2,0,,원가 없음(매입이력 0),,
ACC-013-S60X180,배너대 조립(조당) 60×180,상품,GOODS,FIXED,EA,,16,0,,원가 없음(매입이력 0),,
ACC-013-S60X220,배너대 조립(조당) 60×220,상품,GOODS,FIXED,EA,,1,0,,원가 없음(매입이력 0),,
ACC-016,윈드배너 부품(크로스/베이스),상품,GOODS,FIXED,EA,,0,0,,원가 없음(매입이력 0),,
ACC-019,윈드배너 폴세트,상품,GOODS,FIXED,EA,,0,0,,원가 없음(매입이력 0),,
ACC-020,패트배너 거치대,상품,GOODS,FIXED,EA,,0,0,,원가 없음(매입이력 0),,
ACC-021,가로등배너대(마개/클램프),상품,GOODS,FIXED,EA,,0,0,,원가 없음(매입이력 0),,
ACC-022,윈드배너 스파이크,상품,GOODS,FIXED,EA,,0,0,,원가 없음(매입이력 0),,
ACC-023,자이언트배너 폴세트,상품,GOODS,FIXED,EA,,4,95000,1.67,"카테고리(상품, n=34)",1.47~1.79,158800
ACC-024,복배너 중앙대,상품,GOODS,FIXED,EA,,1,0,,원가 없음(매입이력 0),,
ACC-025,빅폴 SET,상품,GOODS,FIXED,EA,,1,35000,1.67,"카테고리(상품, n=34)",1.47~1.79,58500
ACC-027,실외 철제배너 물통SET(TSO),상품,GOODS,FIXED,EA,,0,0,,원가 없음(매입이력 0),,
ACC-029-1260,까치발 1260mm,상품,PRODUCT,FIXED,EA,,1,0,,원가 없음(매입이력 0),,
ACC-029-1300,까치발 1300mm,상품,GOODS,FIXED,EA,,3,4960,1.67,"카테고리(상품, n=34)",1.47~1.79,8300
ACC-029-150,까치발 150mm,상품,GOODS,FIXED,EA,,4,0,,원가 없음(매입이력 0),,
ACC-029-1600,까치발 1600mm,상품,GOODS,FIXED,EA,,7,5670,1.67,"카테고리(상품, n=34)",1.47~1.79,9500
ACC-029-1700,까치발 1700mm,상품,GOODS,FIXED,EA,,1,5960,1.67,"카테고리(상품, n=34)",1.47~1.79,10000
ACC-029-1800,까치발 1800mm,상품,GOODS,FIXED,EA,,0,0,,원가 없음(매입이력 0),,
ACC-029-1900,까치발 1900mm,상품,GOODS,FIXED,EA,,0,6610,1.67,"카테고리(상품, n=34)",1.47~1.79,11100
ACC-029-2000,까치발 2000mm,상품,GOODS,FIXED,EA,,1,0,,원가 없음(매입이력 0),,
ACC-029-350,까치발 350mm,상품,GOODS,FIXED,EA,,0,0,,원가 없음(매입이력 0),,
ACC-029-400,까치발 400mm,상품,GOODS,FIXED,EA,,2,2660,1.67,"카테고리(상품, n=34)",1.47~1.79,4400
ACC-029-500,까치발 500mm,상품,GOODS,FIXED,EA,,0,0,,원가 없음(매입이력 0),,
ACC-029-600,까치발 600mm,상품,GOODS,FIXED,EA,,3,3190,1.67,"카테고리(상품, n=34)",1.47~1.79,5300
ACC-029-700,까치발 700mm,상품,GOODS,FIXED,EA,,2,3370,1.67,"카테고리(상품, n=34)",1.47~1.79,5600
ACC-029-BK,까치발 흑색,상품,GOODS,FIXED,EA,비활성,0,3801.27,1.67,"카테고리(상품, n=34)",1.47~1.79,6400
ACC-029-PT,까치발 도색,상품,GOODS,FIXED,EA,비활성,0,0,,원가 없음(매입이력 0),,
ACC-029-WH,까치발 백색,상품,GOODS,FIXED,EA,비활성,0,0,,원가 없음(매입이력 0),,
ACC-030-R120-3,가로기 깃대(조립) R120 3구,상품,GOODS,FIXED,EA,,0,1109,1.67,"카테고리(상품, n=34)",1.47~1.79,1900
ACC-030-R130-3,가로기 깃대(조립) R130 3구,상품,GOODS,FIXED,EA,,4,1201,1.67,"카테고리(상품, n=34)",1.47~1.79,2000
ACC-034,깃대(기타),상품,GOODS,FIXED,EA,,8,11000,1.67,"카테고리(상품, n=34)",1.47~1.79,18400
ACC-035-P-2,깃대 꽂이 P형 2구,상품,GOODS,FIXED,EA,,0,0,,원가 없음(매입이력 0),,
ACC-035-R-1,깃대 꽂이 R형 1구,상품,GOODS,FIXED,EA,,0,0,,원가 없음(매입이력 0),,
ACC-035-R-2,깃대 꽂이 R형 2구,상품,GOODS,FIXED,EA,,0,0,,원가 없음(매입이력 0),,
ACC-036,수기대(깃대),상품,GOODS,FIXED,EA,,0,0,,원가 없음(매입이력 0),,
ACC-036-L40,수기대(깃대) 40cm,상품,GOODS,FIXED,EA,,0,46,1.67,"카테고리(상품, n=34)",1.47~1.79,100
ACC-036-L50,수기대(깃대) 50cm,상품,GOODS,FIXED,EA,,0,58,1.67,"카테고리(상품, n=34)",1.47~1.79,100
ACC-036-L60,수기대(깃대) 60cm,상품,GOODS,FIXED,EA,,0,70,1.67,"카테고리(상품, n=34)",1.47~1.79,100
ACC-037,유리섬유 깃대(그라스화이바),상품,GOODS,FIXED,EA,,3,0,,원가 없음(매입이력 0),,
ACC-039,계양기 로프,상품,GOODS,FIXED,EA,,2,0,,원가 없음(매입이력 0),,
ACC-041,황금봉,상품,GOODS,FIXED,EA,,0,181.32,1.67,"카테고리(상품, n=34)",1.47~1.79,300
ACC-041-AG,애기봉,상품,PRODUCT,FIXED,EA,,0,600000,1.67,"카테고리(상품, n=34)",1.47~1.79,1003200
ACC-041-GA,가로봉,상품,PRODUCT,FIXED,EA,,0,298.54,1.67,"카테고리(상품, n=34)",1.47~1.79,500
ACC-041-SU,수기봉,상품,PRODUCT,FIXED,EA,,0,100,1.67,"카테고리(상품, n=34)",1.47~1.79,200
ACC-042,국기봉/막봉,상품,GOODS,FIXED,EA,,25,0,,원가 없음(매입이력 0),,
ACC-044,멕기,상품,GOODS,FIXED,EA,,0,0,,원가 없음(매입이력 0),,
ACC-045-12P-S,아일렛 12파이 은 (TS전용),상품,PRODUCT,FIXED,EA,,0,30000,1.67,"카테고리(상품, n=34)",1.47~1.79,50200
ACC-045-20-G,아일렛 20호 금,상품,GOODS,FIXED,EA,,0,0,,원가 없음(매입이력 0),,
ACC-045-20-S,아일렛 20호 은,상품,GOODS,FIXED,EA,,0,0,,원가 없음(매입이력 0),,
ACC-045-24-G,아일렛 24호 금,상품,GOODS,FIXED,EA,,4,12200,1.67,"카테고리(상품, n=34)",1.47~1.79,20400
ACC-045-5-G,아일렛 5호 금,상품,GOODS,FIXED,EA,,0,21,1.67,"카테고리(상품, n=34)",1.47~1.79,100
ACC-045-5-S,아일렛 5호 은,상품,GOODS,FIXED,EA,,4,6000,1.67,"카테고리(상품, n=34)",1.47~1.79,10000
ACC-045-9-G,아일렛 9호 금,상품,GOODS,FIXED,EA,,0,27,1.67,"카테고리(상품, n=34)",1.47~1.79,100
ACC-047-AP,큐방 압축 40파이,상품,GOODS,FIXED,EA,,0,0,,원가 없음(매입이력 0),,
ACC-047-AP-73,큐방 압축 73파이 차량용,상품,GOODS,FIXED,EA,,0,0,,원가 없음(매입이력 0),,
ACC-048,쌍클립,상품,GOODS,FIXED,EA,,2,36,1.67,"카테고리(상품, n=34)",1.47~1.79,100
ACC-049-CR,족자봉 원형 85~150cm,상품,GOODS,FIXED,EA,,2,1395.8333,1.67,"카테고리(상품, n=34)",1.47~1.79,2300
ACC-050-P12,삼각접착고리 판형 12파이,상품,GOODS,FIXED,EA,,1,16500,1.67,"카테고리(상품, n=34)",1.47~1.79,27600
ACC-051,우승기 부속,상품,PRODUCT,FIXED,EA,,0,0,,원가 없음(매입이력 0),,
ACC-052,원형 받침대,상품,PRODUCT,FIXED,EA,,0,35000,1.67,"카테고리(상품, n=34)",1.47~1.79,58500
ACC-053,우승기 깃대,상품,PRODUCT,FIXED,EA,,0,0,,원가 없음(매입이력 0),,
ACC-054,목창꽂이,상품,PRODUCT,FIXED,EA,,0,0,,원가 없음(매입이력 0),,
ACC-054-NS,목창꽂이(창없이),상품,PRODUCT,FIXED,EA,,0,0,,원가 없음(매입이력 0),,
ACC-JJ-CAP-CR,사각족자봉 마개 크롬,상품,GOODS,FIXED,EA,,2,100,1.67,"카테고리(상품, n=34)",1.47~1.79,200
ACC-JJ-CAP-GR,사각족자봉 마개 그레이,상품,GOODS,FIXED,EA,,1,35,1.67,"카테고리(상품, n=34)",1.47~1.79,100
ACC-JJ-HOOK,족자봉 고리,상품,GOODS,FIXED,EA,,2,25,1.67,"카테고리(상품, n=34)",1.47~1.79,100
ACC-JJ-JOINT,족자봉 연결대,상품,PRODUCT,FIXED,EA,,1,0,,원가 없음(매입이력 0),,
ACC-JJ-RCAP-SV,원형족자봉 마개 은색 16파이,상품,GOODS,FIXED,EA,,1,90,1.67,"카테고리(상품, n=34)",1.47~1.79,200
ACC-MOLD-24,자동몰드 24호,상품,PRODUCT,FIXED,EA,,1,20000,1.67,"카테고리(상품, n=34)",1.47~1.79,33400
ACC-MOLD-9,자동몰드 9호,상품,PRODUCT,FIXED,EA,,1,19000,1.67,"카테고리(상품, n=34)",1.47~1.79,31800
ACR-2T-B-48,아크릴,원자재,MATERIAL,FIXED,장,,0,0,,원가 없음(매입이력 0),,
ACR-2T-C-48,아크릴,원자재,MATERIAL,FIXED,장,,0,0,,원가 없음(매입이력 0),,
ACR-2T-W-48,아크릴,원자재,MATERIAL,FIXED,장,,0,0,,원가 없음(매입이력 0),,
ACR-3T-B-48,아크릴,원자재,MATERIAL,FIXED,장,,0,0,,원가 없음(매입이력 0),,
ACR-3T-C-48,아크릴,원자재,MATERIAL,FIXED,장,,0,0,,원가 없음(매입이력 0),,
ACR-3T-W-48,아크릴,원자재,MATERIAL,FIXED,장,,0,0,,원가 없음(매입이력 0),,
ACR-5T-B-48,아크릴,원자재,MATERIAL,FIXED,장,,0,0,,원가 없음(매입이력 0),,
ACR-5T-C-48,아크릴,원자재,MATERIAL,FIXED,장,,0,0,,원가 없음(매입이력 0),,
ACR-5T-W-48,아크릴,원자재,MATERIAL,FIXED,장,,0,0,,원가 없음(매입이력 0),,
ALM-2T-BK-48,알마이트 2T 검정,원자재,MATERIAL,FIXED,장,,0,27306.67,1.08,"카테고리(원자재, n=82)",1.02~1.16,29500
ALM-2T-S-48,알마이트,원자재,MATERIAL,FIXED,장,,2,19000,1.08,"카테고리(원자재, n=82)",1.02~1.16,20500
ALM-3T-S-48,알마이트,원자재,PRODUCT,FIXED,장,,0,0,,원가 없음(매입이력 0),,
AQ-GERILLA,게릴라 현수막,수성,PRODUCT,AREA,EA,,7,0,,AREA=㎡단가표 대상(원가 단위 부정합),,
AQ-HEADBAND,수성 머리띠,수성,PRODUCT,FIXED,EA,,3,0,,원가 없음(매입이력 0),,
AQ-KELG,수성 켈 그레이,수성,PRODUCT,AREA,EA,,0,0,,AREA=㎡단가표 대상(원가 단위 부정합),,
AQ-STB,수성 가로등현수막,수성,PRODUCT,AREA,EA,,0,0,,AREA=㎡단가표 대상(원가 단위 부정합),,
AQ-SYNG,수성 합성지 그레이,수성,PRODUCT,AREA,EA,,16,0,,AREA=㎡단가표 대상(원가 단위 부정합),,
AQ1-105,수성 현수막원단 1코팅,원자재,MATERIAL,FIXED,yd,,1,580,1.08,"카테고리(원자재, n=82)",1.02~1.16,600
AQ2-030,수성 현수막원단 2코팅,원자재,MATERIAL,FIXED,yd,,1,290,1.08,"카테고리(원자재, n=82)",1.02~1.16,300
AQ2-045,수성 현수막원단 2코팅,원자재,MATERIAL,FIXED,yd,,0,0,,원가 없음(매입이력 0),,
AQ2-095,수성 현수막원단 2코팅,원자재,MATERIAL,FIXED,yd,비활성,0,0,,원가 없음(매입이력 0),,
AQ2-200,수성 현수막원단 2코팅,원자재,MATERIAL,FIXED,yd,,0,0,,원가 없음(매입이력 0),,
AQ2-250,수성 현수막원단 2코팅,원자재,MATERIAL,FIXED,yd,,1,4036.18,1.08,"카테고리(원자재, n=82)",1.02~1.16,4400
AQ2-320,수성 현수막원단 2코팅,원자재,MATERIAL,FIXED,yd,,1,4738.35,1.08,"카테고리(원자재, n=82)",1.02~1.16,5100
AQD-040,수성 현수막원단 저밀도,원자재,MATERIAL,FIXED,yd,,0,150,1.08,"카테고리(원자재, n=82)",1.02~1.16,200
AQD-070,수성 현수막원단 저밀도,원자재,MATERIAL,FIXED,yd,,0,355,1.08,"카테고리(원자재, n=82)",1.02~1.16,400
BKLT-AN-090,백릿(30m)-아누코,원자재,MATERIAL,FIXED,yd,비활성,0,0,,원가 없음(매입이력 0),,
BKLT-AN-127,백릿(30m)-아누코,원자재,MATERIAL,FIXED,yd,비활성,0,0,,원가 없음(매입이력 0),,
BKLT-AQ-090,수성 백릿-호홍,원자재,MATERIAL,FIXED,롤,,0,0,,원가 없음(매입이력 0),,
BKLT-AQ-150,수성 백릿-호홍,원자재,MATERIAL,FIXED,롤,,0,0,,원가 없음(매입이력 0),,
BUJIK-060,부직포,원자재,MATERIAL,FIXED,롤,,6,1232.9332,1.08,"카테고리(원자재, n=82)",1.02~1.16,1300
BUJIK-090,부직포,원자재,MATERIAL,FIXED,롤,,2,1287.5536,1.08,"카테고리(원자재, n=82)",1.02~1.16,1400
BUJIK-152,부직포,원자재,MATERIAL,FIXED,롤,,0,2490.4526,1.08,"카테고리(원자재, n=82)",1.02~1.16,2700
BUJIK-180,부직포,원자재,MATERIAL,FIXED,롤,,1,2869.1194,1.08,"카테고리(원자재, n=82)",1.02~1.16,3100
CLEAR-127,클리어필름,원자재,MATERIAL,FIXED,롤,,3,3800,1.08,"카테고리(원자재, n=82)",1.02~1.16,4100
CLEAR-152,클리어필름,원자재,MATERIAL,FIXED,롤,,0,0,,원가 없음(매입이력 0),,
CLEAR-RM-127,솔벤 클리어필름 리무벌 30M,원자재,PRODUCT,FIXED,EA,,0,142000,1.08,"카테고리(원자재, n=82)",1.02~1.16,153300
CPP-UV,UV무광 코팅지 200g,상품,GOODS,FIXED,yd,,2,0,,원가 없음(매입이력 0),,
ECB-G-090,친환경 현수막원단 GRS,원자재,MATERIAL,FIXED,yd,,0,800,1.08,"카테고리(원자재, n=82)",1.02~1.16,900
ETC-CRANE,크레인 사용료,기타,GOODS,FIXED,EA,,1,0,,원가 없음(매입이력 0),,
ETC-DISC,할인,기타,GOODS,FIXED,EA,,13,77000,1.30,전역 폴백(카테고리 참조 0건뿐),1.07~1.82,99700
ETC-EXP,긴급배송(용달/퀵),기타,GOODS,FIXED,EA,,110,100000,1.30,전역 폴백(카테고리 참조 0건뿐),1.07~1.82,129500
ETC-INSTALL,시공·부착비,기타,PRODUCT,FIXED,EA,,15,0,,원가 없음(매입이력 0),,
ETC-REPAIR,장비수리(A/S),기타,GOODS,FIXED,EA,,1,0,,원가 없음(매입이력 0),,
FLEXD-137,양면배너 후렉스,원자재,MATERIAL,FIXED,롤,,0,5480,1.08,"카테고리(원자재, n=82)",1.02~1.16,5900
FLEXL-090,조명용 후렉스,원자재,MATERIAL,FIXED,롤,,4,1482.18,1.08,"카테고리(원자재, n=82)",1.02~1.16,1600
FLEXL-100,조명용 후렉스,원자재,MATERIAL,FIXED,롤,,0,1720,1.08,"카테고리(원자재, n=82)",1.02~1.16,1900
FLEXL-110,조명용 후렉스,원자재,MATERIAL,FIXED,롤,,0,1870,1.08,"카테고리(원자재, n=82)",1.02~1.16,2000
FLEXL-120,조명용 후렉스,원자재,MATERIAL,FIXED,롤,,0,1920,1.08,"카테고리(원자재, n=82)",1.02~1.16,2100
FLEXL-150,조명용 후렉스,원자재,MATERIAL,FIXED,롤,,0,2512.5,1.08,"카테고리(원자재, n=82)",1.02~1.16,2700
FLEXL-160,조명용 후렉스,원자재,MATERIAL,FIXED,롤,,0,2603.64,1.08,"카테고리(원자재, n=82)",1.02~1.16,2800
FLEXL-180,조명용 후렉스,원자재,MATERIAL,FIXED,롤,,0,2947.5,1.08,"카테고리(원자재, n=82)",1.02~1.16,3200
FLEXL-200,조명용 후렉스,원자재,MATERIAL,FIXED,롤,,0,3200,1.08,"카테고리(원자재, n=82)",1.02~1.16,3500
FLEXL-220,조명용 후렉스,원자재,MATERIAL,FIXED,롤,,0,3850,1.08,"카테고리(원자재, n=82)",1.02~1.16,4200
FLEXL-250,조명용 후렉스,원자재,MATERIAL,FIXED,롤,,0,4238,1.08,"카테고리(원자재, n=82)",1.02~1.16,4600
FLEXL-260,조명용 후렉스,원자재,MATERIAL,FIXED,롤,,0,4394,1.08,"카테고리(원자재, n=82)",1.02~1.16,4700
FLEXL-320,조명용 후렉스,원자재,MATERIAL,FIXED,롤,,0,6160,1.08,"카테고리(원자재, n=82)",1.02~1.16,6700
FLEXN-100,비조명용 후렉스,원자재,MATERIAL,FIXED,롤,,1,1666.66,1.08,"카테고리(원자재, n=82)",1.02~1.16,1800
FLEXN-110,비조명용 후렉스,원자재,MATERIAL,FIXED,롤,,0,1760,1.08,"카테고리(원자재, n=82)",1.02~1.16,1900
FLEXN-120,비조명용 후렉스,원자재,MATERIAL,FIXED,롤,,0,1992,1.08,"카테고리(원자재, n=82)",1.02~1.16,2200
FLEXN-150,비조명용 후렉스,원자재,MATERIAL,FIXED,롤,,0,2475,1.08,"카테고리(원자재, n=82)",1.02~1.16,2700
FLEXN-160,비조명용 후렉스,원자재,MATERIAL,FIXED,롤,,0,2800,1.08,"카테고리(원자재, n=82)",1.02~1.16,3000
FLEXN-180,비조명용 후렉스,원자재,MATERIAL,FIXED,롤,,0,2711.26,1.08,"카테고리(원자재, n=82)",1.02~1.16,2900
FLEXN-200,비조명용 후렉스,원자재,MATERIAL,FIXED,롤,,0,3000,1.08,"카테고리(원자재, n=82)",1.02~1.16,3200
FLEXN-220,비조명용 후렉스,원자재,MATERIAL,FIXED,롤,,0,3190,1.08,"카테고리(원자재, n=82)",1.02~1.16,3400
FLEXN-250,비조명용 후렉스,원자재,MATERIAL,FIXED,롤,,0,3930,1.08,"카테고리(원자재, n=82)",1.02~1.16,4200
FLEXN-260,비조명용 후렉스,원자재,MATERIAL,FIXED,롤,,0,4550,1.08,"카테고리(원자재, n=82)",1.02~1.16,4900
FLEXN-320,비조명용 후렉스,원자재,MATERIAL,FIXED,롤,,0,5600,1.08,"카테고리(원자재, n=82)",1.02~1.16,6000
FMX-PMT-10T-36,포맥스 포마트(국산),원자재,PRODUCT,FIXED,장,,0,0,,원가 없음(매입이력 0),,
FMX-PMT-10T-36-B,포맥스 포마트(국산),원자재,PRODUCT,FIXED,장,,0,0,,원가 없음(매입이력 0),,
FMX-PMT-10T-48,포맥스 포마트(국산),원자재,PRODUCT,FIXED,장,,1,50716.67,1.08,"카테고리(원자재, n=82)",1.02~1.16,54800
FMX-PMT-10T-48-B,포맥스 포마트(국산),원자재,PRODUCT,FIXED,장,,0,0,,원가 없음(매입이력 0),,
FMX-PMT-1T-36,포맥스 포마트(국산),원자재,PRODUCT,FIXED,장,,0,0,,원가 없음(매입이력 0),,
FMX-PMT-1T-36-B,포맥스 포마트(국산),원자재,PRODUCT,FIXED,장,,0,0,,원가 없음(매입이력 0),,
FMX-PMT-1T-48,포맥스 포마트(국산),원자재,PRODUCT,FIXED,장,,1,0,,원가 없음(매입이력 0),,
FMX-PMT-1T-48-B,포맥스 포마트(국산),원자재,PRODUCT,FIXED,장,,0,0,,원가 없음(매입이력 0),,
FMX-PMT-2T-36,포맥스 포마트(국산),원자재,PRODUCT,FIXED,장,,1,5180,1.08,"카테고리(원자재, n=82)",1.02~1.16,5600
FMX-PMT-2T-36-B,포맥스 포마트(국산),원자재,PRODUCT,FIXED,장,,0,7940,1.08,"카테고리(원자재, n=82)",1.02~1.16,8600
FMX-PMT-2T-48,포맥스 포마트(국산),원자재,PRODUCT,FIXED,장,,1,9320,1.08,"카테고리(원자재, n=82)",1.02~1.16,10100
FMX-PMT-2T-48-B,포맥스 포마트(국산),원자재,PRODUCT,FIXED,장,,0,0,,원가 없음(매입이력 0),,
FMX-PMT-3T-36,포맥스 포마트(국산),원자재,PRODUCT,FIXED,장,,0,9290,1.08,"카테고리(원자재, n=82)",1.02~1.16,10000
FMX-PMT-3T-36-B,포맥스 포마트(국산),원자재,PRODUCT,FIXED,장,,0,0,,원가 없음(매입이력 0),,
FMX-PMT-3T-48,포맥스 포마트(국산),원자재,PRODUCT,FIXED,장,,6,14680,1.08,"카테고리(원자재, n=82)",1.02~1.16,15800
FMX-PMT-3T-48-B,포맥스 포마트(국산),원자재,PRODUCT,FIXED,장,,0,0,,원가 없음(매입이력 0),,
FMX-PMT-5T-36,포맥스 포마트(국산),원자재,PRODUCT,FIXED,장,,0,16330,1.08,"카테고리(원자재, n=82)",1.02~1.16,17600
FMX-PMT-5T-36-B,포맥스 포마트(국산),원자재,PRODUCT,FIXED,장,,0,0,,원가 없음(매입이력 0),,
FMX-PMT-5T-48,포맥스 포마트(국산),원자재,PRODUCT,FIXED,장,,4,27522.09,1.08,"카테고리(원자재, n=82)",1.02~1.16,29700
FMX-PMT-5T-48-B,포맥스 포마트(국산),원자재,PRODUCT,FIXED,장,,0,0,,원가 없음(매입이력 0),,
FMX-PMT-8T-36,포맥스 포마트(국산),원자재,PRODUCT,FIXED,장,,0,0,,원가 없음(매입이력 0),,
FMX-PMT-8T-36-B,포맥스 포마트(국산),원자재,PRODUCT,FIXED,장,,0,0,,원가 없음(매입이력 0),,
FMX-PMT-8T-48,포맥스 포마트(국산),원자재,PRODUCT,FIXED,장,,0,37380,1.08,"카테고리(원자재, n=82)",1.02~1.16,40400
FMX-PMT-8T-48-B,포맥스 포마트(국산),원자재,PRODUCT,FIXED,장,,0,0,,원가 없음(매입이력 0),,
FMX-YES-10T-36,포맥스 예스(중국산),원자재,PRODUCT,FIXED,장,,0,0,,원가 없음(매입이력 0),,
FMX-YES-10T-48,포맥스 예스(중국산),원자재,PRODUCT,FIXED,장,,0,35000,1.08,"카테고리(원자재, n=82)",1.02~1.16,37800
FMX-YES-1T-36,포맥스 예스(중국산),원자재,PRODUCT,FIXED,장,,0,0,,원가 없음(매입이력 0),,
FMX-YES-1T-48,포맥스 예스(중국산),원자재,PRODUCT,FIXED,장,,0,0,,원가 없음(매입이력 0),,
FMX-YES-2T-36,포맥스 예스(중국산),원자재,PRODUCT,FIXED,장,,0,5220,1.08,"카테고리(원자재, n=82)",1.02~1.16,5600
FMX-YES-2T-48,포맥스 예스(중국산),원자재,PRODUCT,FIXED,장,,0,8040,1.08,"카테고리(원자재, n=82)",1.02~1.16,8700
FMX-YES-3T-36,포맥스 예스(중국산),원자재,PRODUCT,FIXED,장,,0,0,,원가 없음(매입이력 0),,
FMX-YES-3T-48,포맥스 예스(중국산),원자재,PRODUCT,FIXED,장,,0,13060,1.08,"카테고리(원자재, n=82)",1.02~1.16,14100
FMX-YES-5T-36,포맥스 예스(중국산),원자재,PRODUCT,FIXED,장,,0,12490,1.08,"카테고리(원자재, n=82)",1.02~1.16,13500
FMX-YES-5T-48,포맥스 예스(중국산),원자재,PRODUCT,FIXED,장,,0,20810,1.08,"카테고리(원자재, n=82)",1.02~1.16,22500
FMX-YES-8T-36,포맥스 예스(중국산),원자재,PRODUCT,FIXED,장,,0,0,,원가 없음(매입이력 0),,
FMX-YES-8T-48,포맥스 예스(중국산),원자재,PRODUCT,FIXED,장,,0,0,,원가 없음(매입이력 0),,
GDS-A3M,A3 자석액자(테이프부착),상품,GOODS,FIXED,EA,,0,0,,원가 없음(매입이력 0),,
GDS-AIRSIGN,에어간판 완제품,상품,GOODS,FIXED,EA,,1,0,,원가 없음(매입이력 0),,
GDS-CSR,청사초롱,상품,GOODS,FIXED,EA,,4,0,,원가 없음(매입이력 0),,
GDS-EQ-EP1852,EP-시리즈 수성 EP1852,상품,PRODUCT,FIXED,EA,,2,10400000,1.67,"카테고리(상품, n=34)",1.47~1.79,17389200
GDS-EQ-EP1854,OPTIMUM EP1854 (수성),상품,PRODUCT,FIXED,EA,,0,13800000,1.67,"카테고리(상품, n=34)",1.47~1.79,23074200
GDS-EQ-EP3208,OPTIMUM EP3208 (수성),상품,PRODUCT,FIXED,EA,,0,35000000,1.67,"카테고리(상품, n=34)",1.47~1.79,58521500
GDS-EQ-EYEPUNCH,자동 아일렛펀칭기,상품,PRODUCT,FIXED,EA,,0,330000,1.67,"카테고리(상품, n=34)",1.47~1.79,551800
GDS-FB1,국기함 보급형,상품,GOODS,FIXED,EA,,3,0,,원가 없음(매입이력 0),,
GDS-FB2,국기함 중급형,상품,GOODS,FIXED,EA,,0,0,,원가 없음(매입이력 0),,
GDS-HDMGI,하도매기계(손기계),상품,GOODS,FIXED,EA,,1,28000,1.67,"카테고리(상품, n=34)",1.47~1.79,46800
GDS-INDUGI,인두기(열재단),상품,GOODS,FIXED,EA,,2,45000,1.67,"카테고리(상품, n=34)",1.47~1.79,75200
GDS-INDUKAL,즉열인두기 칼날,상품,GOODS,FIXED,EA,,2,0,,원가 없음(매입이력 0),,
GDS-JASUSET-S135X90,자수깃발 세트(삼발이) 135×90,상품,GOODS,FIXED,EA,,3,0,,원가 없음(매입이력 0),,
GDS-LRF,좌우보필형 액자,상품,GOODS,FIXED,EA,,0,0,,원가 없음(매입이력 0),,
GDS-LRF-S20X30,좌우보필형 액자 20×30,상품,GOODS,FIXED,EA,,4,9145,1.67,"카테고리(상품, n=34)",1.47~1.79,15300
GDS-LRF-S60X40,좌우보필형 액자 60×40,상품,GOODS,FIXED,EA,,7,17911,1.67,"카테고리(상품, n=34)",1.47~1.79,29900
GDS-OTB-GR,원터치배너 그레이,상품,PRODUCT,FIXED,EA,,1,0,,원가 없음(매입이력 0),,
GDS-ZIP,거리용 지퍼가방,상품,GOODS,FIXED,EA,,0,0,,원가 없음(매입이력 0),,
GFB-01,그라스화이바,원자재,MATERIAL,FIXED,EA,,0,0,,원가 없음(매입이력 0),,
GITBAL-070,깃발천,원자재,MATERIAL,FIXED,yd,,2,1260,1.08,"카테고리(원자재, n=82)",1.02~1.16,1400
GJG-JASU,근조기 자수 깃발,태극기,PRODUCT,FIXED,EA,비활성,0,0,,원가 없음(매입이력 0),,
GJG-JASU-S110X75,근조기 자수 깃발 110×75,태극기,PRODUCT,FIXED,EA,,0,0,,원가 없음(매입이력 0),,
HJ-BADAK,바닥용코팅지(30m),상품,GOODS,FIXED,EA,,0,0,,원가 없음(매입이력 0),,
HJ-MGAUTO,무광코팅지 자동엠보(45m/120g),상품,GOODS,FIXED,EA,비활성,0,0,,원가 없음(매입이력 0),,
HJ-MGAUTO-P127,무광코팅지 자동엠보(45m/120g) 127폭,상품,GOODS,FIXED,EA,,0,0,,원가 없음(매입이력 0),,
HJ-MGAUTO-P152,무광코팅지 자동엠보(45m/120g) 152폭,상품,GOODS,FIXED,EA,,0,73300,1.67,"카테고리(상품, n=34)",1.47~1.79,122600
HJ-MGAUTO-P60,무광코팅지 자동엠보(45m/120g) 60폭,상품,GOODS,FIXED,EA,,0,0,,원가 없음(매입이력 0),,
HJ-MGAUTO-P90,무광코팅지 자동엠보(45m/120g) 90폭,상품,GOODS,FIXED,EA,,0,0,,원가 없음(매입이력 0),,
HJ-MGAUTOB,무광코팅지 자동엠보 보급형(61m/120g),상품,GOODS,FIXED,EA,비활성,0,0,,원가 없음(매입이력 0),,
HJ-MGAUTOB-P90,무광코팅지 자동엠보 보급형(61m/120g) 90폭,상품,GOODS,FIXED,EA,,0,0,,원가 없음(매입이력 0),,
HJ-MGILBO,무광코팅지 일반엠보(45m/180g),상품,GOODS,FIXED,EA,비활성,0,0,,원가 없음(매입이력 0),,
HJ-MGILBO-P127,무광코팅지 일반엠보(45m/180g) 127폭,상품,GOODS,FIXED,EA,,1,98000,1.67,"카테고리(상품, n=34)",1.47~1.79,163900
HJ-MGILBO-P152,무광코팅지 일반엠보(45m/180g) 152폭,상품,GOODS,FIXED,EA,,0,0,,원가 없음(매입이력 0),,
HJ-MGILBO-P90,무광코팅지 일반엠보(45m/180g) 90폭,상품,GOODS,FIXED,EA,,0,81000,1.67,"카테고리(상품, n=34)",1.47~1.79,135400
HJ-UVEMB,UV엠보(45m/180g),상품,GOODS,FIXED,EA,비활성,0,0,,원가 없음(매입이력 0),,
HJ-UVEMB-P127,UV엠보(45m/180g) 127폭,상품,GOODS,FIXED,EA,,0,0,,원가 없음(매입이력 0),,
HJ-UVEMB-P152,UV엠보(45m/180g) 152폭,상품,GOODS,FIXED,EA,,0,0,,원가 없음(매입이력 0),,
HJ-UVEMB-P90,UV엠보(45m/180g) 90폭,상품,GOODS,FIXED,EA,,0,0,,원가 없음(매입이력 0),,
HJ-UVYG,UV유광(45m/180g),상품,GOODS,FIXED,EA,비활성,0,0,,원가 없음(매입이력 0),,
HJ-UVYG-P127,UV유광(45m/180g) 127폭,상품,GOODS,FIXED,EA,,0,0,,원가 없음(매입이력 0),,
HJ-UVYG-P152,UV유광(45m/180g) 152폭,상품,GOODS,FIXED,EA,,0,0,,원가 없음(매입이력 0),,
HJ-UVYG-P90,UV유광(45m/180g) 90폭,상품,GOODS,FIXED,EA,,0,0,,원가 없음(매입이력 0),,
HJ-YGAUTO,유광코팅지 자동(45m/120g),상품,GOODS,FIXED,EA,비활성,0,0,,원가 없음(매입이력 0),,
HJ-YGAUTO-P127,유광코팅지 자동(45m/120g) 127폭,상품,GOODS,FIXED,EA,,0,0,,원가 없음(매입이력 0),,
HJ-YGAUTO-P152,유광코팅지 자동(45m/120g) 152폭,상품,GOODS,FIXED,EA,,0,0,,원가 없음(매입이력 0),,
HJ-YGAUTO-P60,유광코팅지 자동(45m/120g) 60폭,상품,GOODS,FIXED,EA,,0,0,,원가 없음(매입이력 0),,
HJ-YGAUTO-P90,유광코팅지 자동(45m/120g) 90폭,상품,GOODS,FIXED,EA,,0,0,,원가 없음(매입이력 0),,
HJ-YGILB,유광코팅지 일반(45m/180g),상품,GOODS,FIXED,EA,비활성,0,0,,원가 없음(매입이력 0),,
HJ-YGILB-P127,유광코팅지 일반(45m/180g) 127폭,상품,GOODS,FIXED,EA,,0,105000,1.67,"카테고리(상품, n=34)",1.47~1.79,175600
HJ-YGILB-P152,유광코팅지 일반(45m/180g) 152폭,상품,GOODS,FIXED,EA,,0,0,,원가 없음(매입이력 0),,
HJ-YGILB-P60,유광코팅지 일반(45m/180g) 60폭,상품,GOODS,FIXED,EA,,1,0,,원가 없음(매입이력 0),,
HJ-YGILB-P90,유광코팅지 일반(45m/180g) 90폭,상품,GOODS,FIXED,EA,,0,0,,원가 없음(매입이력 0),,
HJ-YMSIDE,양면코팅지(30m),상품,GOODS,FIXED,EA,비활성,0,0,,원가 없음(매입이력 0),,
HJ-YMSIDE-P127,양면코팅지(30m) 127폭,상품,GOODS,FIXED,EA,,1,0,,원가 없음(매입이력 0),,
HJ-YMSIDE50-P127,양면코팅지(50m) 127폭,원자재,PRODUCT,FIXED,EA,,3,0,,원가 없음(매입이력 0),,
HTF-095,열전사원단,원자재,MATERIAL,FIXED,yd,,0,0,,원가 없음(매입이력 0),,
JG-A26,A26 양면코팅지(30m),상품,GOODS,FIXED,EA,비활성,0,0,,원가 없음(매입이력 0),,
JG-A26-P127,A26 양면코팅지(30m) 127폭,상품,GOODS,FIXED,EA,,0,84562.5,1.67,"카테고리(상품, n=34)",1.47~1.79,141400
JG-A26-P90,A26 양면코팅지(30m) 90폭,상품,GOODS,FIXED,EA,,0,0,,원가 없음(매입이력 0),,
JG-BONYEOM,정기 본염 깃발,태극기,PRODUCT,FIXED,EA,비활성,0,0,,원가 없음(매입이력 0),,
JG-BONYEOM-S120X80,정기 본염 깃발 120×80,태극기,PRODUCT,FIXED,EA,,4,0,,원가 없음(매입이력 0),,
JG-BYADAK,바닥용 코팅지,상품,GOODS,FIXED,EA,비활성,0,0,,원가 없음(매입이력 0),,
JG-C4,C4 엠보UV 무광(200g),상품,GOODS,FIXED,EA,비활성,0,0,,원가 없음(매입이력 0),,
JG-C4-P127,C4 엠보UV 무광(200g) 127폭,상품,GOODS,FIXED,EA,,0,116600,1.67,"카테고리(상품, n=34)",1.47~1.79,195000
JG-C4-P152,C4 엠보UV 무광(200g) 152폭,상품,GOODS,FIXED,EA,,0,0,,원가 없음(매입이력 0),,
JG-E16,E16 완전무지(200g),상품,GOODS,FIXED,EA,비활성,0,0,,원가 없음(매입이력 0),,
JG-E16-P127,E16 완전무지(200g) 127폭,상품,GOODS,FIXED,EA,,0,0,,원가 없음(매입이력 0),,
JG-E16-P90,E16 완전무지(200g) 90폭,상품,GOODS,FIXED,EA,,0,0,,원가 없음(매입이력 0),,
JG-E2,E2 캔버스(200g),상품,GOODS,FIXED,EA,비활성,0,0,,원가 없음(매입이력 0),,
JG-E2-P127,E2 캔버스(200g) 127폭,상품,GOODS,FIXED,EA,,0,0,,원가 없음(매입이력 0),,
JG-E2-P60,E2 캔버스(200g) 60폭,상품,GOODS,FIXED,EA,,0,0,,원가 없음(매입이력 0),,
JG-E26T,E26T 유광(45m/200g),상품,GOODS,FIXED,EA,비활성,0,0,,원가 없음(매입이력 0),,
JG-E26T-P127,E26T 유광(45m/200g) 127폭,상품,GOODS,FIXED,EA,,0,115500,1.67,"카테고리(상품, n=34)",1.47~1.79,193100
JG-E26T-P152,E26T 유광(45m/200g) 152폭,상품,GOODS,FIXED,EA,,0,0,,원가 없음(매입이력 0),,
JG-E26T-P60,E26T 유광(45m/200g) 60폭,상품,GOODS,FIXED,EA,,1,0,,원가 없음(매입이력 0),,
JG-E26T-P90,E26T 유광(45m/200g) 90폭,상품,GOODS,FIXED,EA,,0,0,,원가 없음(매입이력 0),,
JG-E4,E4 엠보 무광(45m/200g),상품,GOODS,FIXED,EA,비활성,0,0,,원가 없음(매입이력 0),,
JG-E4-P127,E4 엠보 무광(45m/200g) 127폭,상품,GOODS,FIXED,EA,,2,105500,1.67,"카테고리(상품, n=34)",1.47~1.79,176400
JG-E4-P152,E4 엠보 무광(45m/200g) 152폭,상품,GOODS,FIXED,EA,,0,129800,1.67,"카테고리(상품, n=34)",1.47~1.79,217000
JG-E4-P90,E4 엠보 무광(45m/200g) 90폭,상품,GOODS,FIXED,EA,,0,91000,1.67,"카테고리(상품, n=34)",1.47~1.79,152200
JG-JASU,정기 자수 깃발,태극기,PRODUCT,FIXED,EA,비활성,0,0,,원가 없음(매입이력 0),,
JG-JASU-S120X80,정기 자수 깃발 120×80,태극기,PRODUCT,FIXED,EA,,1,12598.56,2.54,"카테고리(태극기, n=25)",2.31~3.32,32000
JG-JASU-S135X90,정기 자수 깃발 135×90,태극기,PRODUCT,FIXED,EA,,9,14173.3,2.54,"카테고리(태극기, n=25)",2.31~3.32,36000
JG-JD45,자동용 코팅지 엠보(45m/120g),상품,GOODS,FIXED,EA,비활성,0,0,,원가 없음(매입이력 0),,
JG-JD45-P152,자동용 코팅지 엠보(45m/120g) 152폭,상품,GOODS,FIXED,EA,,0,0,,원가 없음(매입이력 0),,
JG-JD61,자동용 코팅지 엠보(61m/120g),상품,GOODS,FIXED,EA,비활성,0,0,,원가 없음(매입이력 0),,
JG-JD61-P127,자동용 코팅지 엠보(61m/120g) 127폭,상품,GOODS,FIXED,EA,,0,0,,원가 없음(매입이력 0),,
JG-JD61-P90,자동용 코팅지 엠보(61m/120g) 90폭,상품,GOODS,FIXED,EA,,0,0,,원가 없음(매입이력 0),,
JG-NJ4,NJ4 엠보 무광(45m/180g),상품,GOODS,FIXED,EA,비활성,0,0,,원가 없음(매입이력 0),,
JG-NJ4-P127,NJ4 엠보 무광(45m/180g) 127폭,상품,GOODS,FIXED,EA,,0,0,,원가 없음(매입이력 0),,
JG-NJ4-P152,NJ4 엠보 무광(45m/180g) 152폭,상품,GOODS,FIXED,EA,,0,0,,원가 없음(매입이력 0),,
JG-NJ4-P60,NJ4 엠보 무광(45m/180g) 60폭,상품,GOODS,FIXED,EA,,0,0,,원가 없음(매입이력 0),,
JG-NJ4-P90,NJ4 엠보 무광(45m/180g) 90폭,상품,GOODS,FIXED,EA,,0,0,,원가 없음(매입이력 0),,
JG-WBOARD,화이트보드코팅지,상품,GOODS,FIXED,EA,,0,0,,원가 없음(매입이력 0),,
JJN-06T,자작나무,원자재,MATERIAL,FIXED,장,,0,0,,원가 없음(매입이력 0),,
JJN-09T,자작나무,원자재,MATERIAL,FIXED,장,,0,0,,원가 없음(매입이력 0),,
JJN-12T,자작나무,원자재,MATERIAL,FIXED,장,,0,0,,원가 없음(매입이력 0),,
JJN-15T,자작나무,원자재,MATERIAL,FIXED,장,,0,0,,원가 없음(매입이력 0),,
JJN-18T,자작나무,원자재,MATERIAL,FIXED,장,,0,0,,원가 없음(매입이력 0),,
JMS-GEN,조명시트,원자재,MATERIAL,FIXED,yd,,0,0,,원가 없음(매입이력 0),,
KEL-060,켈 30M 호홍,원자재,MATERIAL,FIXED,롤,,1,981,1.08,"카테고리(원자재, n=82)",1.02~1.16,1100
KEL-AN-060,PVC(켈)(30m)-아누코,원자재,MATERIAL,FIXED,yd,비활성,0,0,,원가 없음(매입이력 0),,
KEL-AN-127,PVC(켈)(30m)-아누코,원자재,MATERIAL,FIXED,yd,비활성,0,0,,원가 없음(매입이력 0),,
KEL-AN-152,PVC(켈)(30m)-아누코,원자재,MATERIAL,FIXED,yd,비활성,0,0,,원가 없음(매입이력 0),,
KEL-IT-090,켈 30M 잉크테크,원자재,MATERIAL,FIXED,롤,,0,0,,원가 없음(매입이력 0),,
KEL-IT-127,켈 30M 잉크테크,원자재,MATERIAL,FIXED,롤,,0,2953.889,1.08,"카테고리(원자재, n=82)",1.02~1.16,3200
KEL-SV50-127,무광 솔벤 켈 50M,원자재,PRODUCT,FIXED,EA,,0,76750,1.08,"카테고리(원자재, n=82)",1.02~1.16,82900
KELG-060,켈그레이 30M 호홍,원자재,MATERIAL,FIXED,롤,,0,1075,1.08,"카테고리(원자재, n=82)",1.02~1.16,1200
KELG-152,켈그레이 30M 호홍,원자재,MATERIAL,FIXED,롤,,0,2383.3333,1.08,"카테고리(원자재, n=82)",1.02~1.16,2600
KELG-AN-060,PVC(켈) 그레이(30m)-아누코,원자재,MATERIAL,FIXED,yd,비활성,0,0,,원가 없음(매입이력 0),,
KELG-AN-090,PVC(켈) 그레이(30m)-아누코,원자재,MATERIAL,FIXED,yd,비활성,0,0,,원가 없음(매입이력 0),,
KELG-AN-127,PVC(켈) 그레이(30m)-아누코,원자재,MATERIAL,FIXED,yd,비활성,0,0,,원가 없음(매입이력 0),,
KELG-AN-152,PVC(켈) 그레이(30m)-아누코,원자재,MATERIAL,FIXED,yd,비활성,0,0,,원가 없음(매입이력 0),,
KELG-IT-090,켈그레이 30M 잉크테크,원자재,MATERIAL,FIXED,롤,,0,0,,원가 없음(매입이력 0),,
KELG-IT-127,켈그레이 30M 잉크테크,원자재,MATERIAL,FIXED,롤,,0,0,,원가 없음(매입이력 0),,
KMT-IRON-BLADE,즉열인두기 칼날 TS-A1,원자재,PRODUCT,FIXED,EA,,0,19000,1.08,"카테고리(원자재, n=82)",1.02~1.16,20500
LB9534NH-122,농협 시트 LB9534NH(녹색),원자재,MATERIAL,FIXED,EA,,1,0,,원가 없음(매입이력 0),,
LB9661NH-122,농협 시트 LB9661NH(청색),원자재,MATERIAL,FIXED,EA,,1,0,,원가 없음(매입이력 0),,
LC6772G-122,리무브시트 LC6772G,원자재,MATERIAL,FIXED,롤,,0,3519.8,1.08,"카테고리(원자재, n=82)",1.02~1.16,3800
LDJ90DF-122,조도향상시트 LDJ90DF,원자재,MATERIAL,FIXED,롤,,0,16725,1.08,"카테고리(원자재, n=82)",1.02~1.16,18100
LGS-CAL-122,LG 캘시트,원자재,PRODUCT,FIXED,EA,,0,0,,원가 없음(매입이력 0),,
LGS-LIGHT-122,LG 조명용시트,원자재,PRODUCT,FIXED,EA,,0,0,,원가 없음(매입이력 0),,
LGSHT-122,켈시트 LA9423NH,상품,GOODS,FIXED,롤,,0,11000,1.67,"카테고리(상품, n=34)",1.47~1.79,18400
MAG-060,고무자석시트,원자재,MATERIAL,FIXED,롤,,1,5300,1.08,"카테고리(원자재, n=82)",1.02~1.16,5700
MAG-100,고무자석시트,원자재,MATERIAL,FIXED,롤,,1,11000,1.08,"카테고리(원자재, n=82)",1.02~1.16,11900
MBG-6,민방위기 6호,태극기,PRODUCT,FIXED,EA,,1,1556,2.54,"카테고리(태극기, n=25)",2.31~3.32,4000
MBG-7,민방위기 7호,태극기,PRODUCT,FIXED,EA,,4,1250.06,2.54,"카테고리(태극기, n=25)",2.31~3.32,3200
MBG-7-1,민방위기 7호-1,태극기,PRODUCT,FIXED,EA,,4,975,2.54,"카테고리(태극기, n=25)",2.31~3.32,2500
MBG-8,민방위기 8호,태극기,PRODUCT,FIXED,EA,,4,574,2.54,"카테고리(태극기, n=25)",2.31~3.32,1500
MBG-GDSET-7-1-R150-3,민방위기 깃대조립 SET 7호-1 R150 3구,태극기,PRODUCT,FIXED,EA,,2,0,,원가 없음(매입이력 0),,
MBG-GDSET-8-R130-2,민방위기 깃대조립 SET 8호 R130 2구,태극기,PRODUCT,FIXED,EA,,1,0,,원가 없음(매입이력 0),,
MCFLOOR-127,무광 바닥코팅(사선)-호홍,상품,GOODS,FIXED,EA,,0,0,,원가 없음(매입이력 0),,
MCFLOOR-EMB-127,무광 바닥코팅지(엠보)-호홍,원자재,PRODUCT,FIXED,EA,,0,0,,원가 없음(매입이력 0),,
MCN140-CO-090,무광코팅지 일반(45m/140g)-코인텍,원자재,MATERIAL,FIXED,롤,,0,0,,원가 없음(매입이력 0),,
MCP180-090,무광코팅지 180g-호홍,원자재,MATERIAL,FIXED,롤,,3,955.5556,1.08,"카테고리(원자재, n=82)",1.02~1.16,1000
MESH-127,매쉬,원자재,MATERIAL,FIXED,yd,,0,1389,1.08,"카테고리(원자재, n=82)",1.02~1.16,1500
MESH-160,매쉬,원자재,MATERIAL,FIXED,yd,,0,1750,1.08,"카테고리(원자재, n=82)",1.02~1.16,1900
MIRROR-090,미러천,원자재,MATERIAL,FIXED,yd,,1,1050,1.08,"카테고리(원자재, n=82)",1.02~1.16,1100
MJG-7,무재해기 7호,태극기,PRODUCT,FIXED,EA,,0,0,,원가 없음(매입이력 0),,
NAT-060,나투라 솔벤패트,원자재,MATERIAL,FIXED,롤,,0,0,,원가 없음(매입이력 0),,
NAT-127,나투라 솔벤패트,원자재,MATERIAL,FIXED,롤,,2,0,,원가 없음(매입이력 0),,
NHG-7,노인회기 7호,태극기,PRODUCT,FIXED,EA,,4,1204,2.54,"카테고리(태극기, n=25)",2.31~3.32,3100
NHG-7-1,노인회기 7호-1,태극기,PRODUCT,FIXED,EA,,3,975,2.54,"카테고리(태극기, n=25)",2.31~3.32,2500
NHG-7G,노인회기 7호 게양용,태극기,PRODUCT,FIXED,EA,,1,1204,2.54,"카테고리(태극기, n=25)",2.31~3.32,3100
PAT-AN-060,패트배너(30m)-아누코,원자재,MATERIAL,FIXED,yd,비활성,0,0,,원가 없음(매입이력 0),,
PAT-AN-090,패트배너(30m)-아누코,원자재,MATERIAL,FIXED,yd,비활성,0,0,,원가 없음(매입이력 0),,
PAT-AN-152,패트배너(30m)-아누코,원자재,MATERIAL,FIXED,yd,비활성,0,0,,원가 없음(매입이력 0),,
PAT-BO-127,블랙아웃 패트,원자재,MATERIAL,FIXED,롤,,0,3233.3333,1.08,"카테고리(원자재, n=82)",1.02~1.16,3500
PAT-IT-127,패트배너 30M 잉크테크,원자재,MATERIAL,FIXED,롤,,0,1333.3333,1.08,"카테고리(원자재, n=82)",1.02~1.16,1400
PAT-IT-152,패트배너 30M 잉크테크,원자재,MATERIAL,FIXED,롤,,0,2966.6667,1.08,"카테고리(원자재, n=82)",1.02~1.16,3200
PAT-UVC50-127,UV투명 패트배너 50M,원자재,PRODUCT,FIXED,EA,,0,0,,원가 없음(매입이력 0),,
PC-2T-M-48,광확산PC,원자재,MATERIAL,FIXED,장,,0,0,,원가 없음(매입이력 0),,
PC-3T-M-48,광확산PC,원자재,MATERIAL,FIXED,장,,0,0,,원가 없음(매입이력 0),,
PC-5T-M-48,광확산PC,원자재,PRODUCT,FIXED,장,,0,0,,원가 없음(매입이력 0),,
PDK-F137,뽀닥시트 호일형,원자재,MATERIAL,FIXED,롤,,0,0,,원가 없음(매입이력 0),,
PDK-J137,뽀닥시트 직물형,원자재,MATERIAL,FIXED,롤,,0,0,,원가 없음(매입이력 0),,
PJ-BACKLIT,수성 백릿-프라임,상품,GOODS,FIXED,EA,비활성,0,0,,원가 없음(매입이력 0),,
PJ-BACKLIT-P127,수성 백릿-프라임 127폭,상품,GOODS,FIXED,EA,,0,87000,1.67,"카테고리(상품, n=34)",1.47~1.79,145500
PJ-BACKLIT-P152,수성 백릿-프라임 152폭,상품,GOODS,FIXED,EA,,0,0,,원가 없음(매입이력 0),,
PJ-BACKLIT-P90,수성 백릿-프라임 90폭,상품,GOODS,FIXED,EA,,1,0,,원가 없음(매입이력 0),,
PJ-HAP,합성지-프라임,상품,GOODS,FIXED,EA,비활성,0,0,,원가 없음(매입이력 0),,
PJ-HAP-P127,합성지-프라임 127폭,상품,GOODS,FIXED,EA,,2,65000,1.67,"카테고리(상품, n=34)",1.47~1.79,108700
PJ-HAP-P152,합성지-프라임 152폭,상품,GOODS,FIXED,EA,,0,0,,원가 없음(매입이력 0),,
PJ-HAP-P90,합성지-프라임 90폭,상품,GOODS,FIXED,EA,,0,58000,1.67,"카테고리(상품, n=34)",1.47~1.79,97000
PJ-HAPGR,합성지 그레이-프라임,상품,GOODS,FIXED,EA,비활성,0,0,,원가 없음(매입이력 0),,
PJ-HAPGR-P127,합성지 그레이-프라임 127폭,상품,GOODS,FIXED,EA,,0,77000,1.67,"카테고리(상품, n=34)",1.47~1.79,128700
PJ-HAPGR-P152,합성지 그레이-프라임 152폭,상품,GOODS,FIXED,EA,,0,0,,원가 없음(매입이력 0),,
PJ-HAPGR-P90,합성지 그레이-프라임 90폭,상품,GOODS,FIXED,EA,,0,65000,1.67,"카테고리(상품, n=34)",1.47~1.79,108700
PJ-KEL,PVC(켈)-프라임,상품,GOODS,FIXED,EA,비활성,0,0,,원가 없음(매입이력 0),,
PJ-KEL-P127,PVC(켈)-프라임 127폭,상품,GOODS,FIXED,EA,,1,93000,1.67,"카테고리(상품, n=34)",1.47~1.79,155500
PJ-KEL-P152,PVC(켈)-프라임 152폭,상품,GOODS,FIXED,EA,,0,0,,원가 없음(매입이력 0),,
PJ-KEL-P90,PVC(켈)-프라임 90폭,상품,GOODS,FIXED,EA,,0,78000,1.67,"카테고리(상품, n=34)",1.47~1.79,130400
PJ-KELGR,PVC(켈) 그레이-프라임,상품,GOODS,FIXED,EA,비활성,0,0,,원가 없음(매입이력 0),,
PJ-KELGR-P127,PVC(켈) 그레이-프라임 127폭,상품,GOODS,FIXED,EA,,1,100000,1.67,"카테고리(상품, n=34)",1.47~1.79,167200
PJ-KELGR-P152,PVC(켈) 그레이-프라임 152폭,상품,GOODS,FIXED,EA,,2,0,,원가 없음(매입이력 0),,
PJ-KELGR-P90,PVC(켈) 그레이-프라임 90폭,상품,GOODS,FIXED,EA,,1,82000,1.67,"카테고리(상품, n=34)",1.47~1.79,137100
PJ-MUINH,무광인화지,상품,GOODS,FIXED,EA,,2,65000,1.67,"카테고리(상품, n=34)",1.47~1.79,108700
PJ-PAT,패트배너-프라임,상품,GOODS,FIXED,EA,비활성,0,0,,원가 없음(매입이력 0),,
PJ-PAT-P127,패트배너-프라임 127폭,상품,GOODS,FIXED,EA,,1,71000,1.67,"카테고리(상품, n=34)",1.47~1.79,118700
PJ-PAT-P152,패트배너-프라임 152폭,상품,GOODS,FIXED,EA,,0,0,,원가 없음(매입이력 0),,
PJ-PAT-P60,패트배너-프라임 60폭,상품,GOODS,FIXED,EA,,3,35500,1.67,"카테고리(상품, n=34)",1.47~1.79,59400
PJ-PAT-P90,패트배너-프라임 90폭,상품,GOODS,FIXED,EA,,0,61000,1.67,"카테고리(상품, n=34)",1.47~1.79,102000
PONGE-085,폰지,원자재,MATERIAL,FIXED,yd,,0,570,1.08,"카테고리(원자재, n=82)",1.02~1.16,600
PONGE-095,폰지,원자재,MATERIAL,FIXED,yd,,1,640,1.08,"카테고리(원자재, n=82)",1.02~1.16,700
PONGE-180,폰지,원자재,MATERIAL,FIXED,yd,,3,1200,1.08,"카테고리(원자재, n=82)",1.02~1.16,1300
PRM-W094,프리즘반사시트 백색,원자재,MATERIAL,FIXED,롤,,0,0,,원가 없음(매입이력 0),,
PRM-W122,프리즘반사시트 백색,원자재,MATERIAL,FIXED,롤,,0,0,,원가 없음(매입이력 0),,
PRM-Y094,프리즘반사시트 노랑,원자재,MATERIAL,FIXED,롤,,0,0,,원가 없음(매입이력 0),,
PRM-Y122,프리즘반사시트 노랑,원자재,MATERIAL,FIXED,롤,,0,0,,원가 없음(매입이력 0),,
RM-DOAN-100,도안지,원자재,PRODUCT,FIXED,EA,,0,0,,원가 없음(매입이력 0),,
RM-I0005-ITP,수성잉크 잉크테크 LC 개별포장,원자재,MATERIAL,FIXED,통,,0,9433.33,1.08,"카테고리(원자재, n=82)",1.02~1.16,10200
RM-I0006-ITP,수성잉크 잉크테크 LM 개별포장,원자재,MATERIAL,FIXED,통,,0,9457.14,1.08,"카테고리(원자재, n=82)",1.02~1.16,10200
RM-I0075,엡손솔벤잉크 80610 C,원자재,MATERIAL,FIXED,L,비활성,1,73000,1.08,"카테고리(원자재, n=82)",1.02~1.16,78800
RM-I0076,엡손솔벤잉크 80610 M,원자재,MATERIAL,FIXED,L,비활성,1,73000,1.08,"카테고리(원자재, n=82)",1.02~1.16,78800
RM-I0077,엡손솔벤잉크 80610 Y,원자재,MATERIAL,FIXED,L,비활성,1,73000,1.08,"카테고리(원자재, n=82)",1.02~1.16,78800
RM-I0078,엡손솔벤잉크 80610 K,원자재,MATERIAL,FIXED,L,비활성,1,73000,1.08,"카테고리(원자재, n=82)",1.02~1.16,78800
RM-I0079,엡손솔벤잉크 80610 Lc,원자재,MATERIAL,FIXED,L,비활성,1,73000,1.08,"카테고리(원자재, n=82)",1.02~1.16,78800
RM-I0080,엡손솔벤잉크 80610 Lm,원자재,MATERIAL,FIXED,L,비활성,1,73000,1.08,"카테고리(원자재, n=82)",1.02~1.16,78800
RM-I0082,엡손솔벤잉크 80610 Lk,원자재,MATERIAL,FIXED,L,비활성,0,0,,원가 없음(매입이력 0),,
RM-I0083,엡손솔벤잉크 80610 Or,원자재,MATERIAL,FIXED,L,비활성,0,0,,원가 없음(매입이력 0),,
RM-I0084,엡손솔벤잉크 80610 Rd,원자재,MATERIAL,FIXED,L,비활성,0,0,,원가 없음(매입이력 0),,
RM-I0085,엡손솔벤잉크 80610 W,원자재,MATERIAL,FIXED,L,비활성,1,0,,원가 없음(매입이력 0),,
SATIN-155,샤틴,원자재,MATERIAL,FIXED,yd,비활성,0,0,,원가 없음(매입이력 0),,
SATIN300-155,300D 무연새틴,원자재,MATERIAL,FIXED,yd,,0,2200,1.08,"카테고리(원자재, n=82)",1.02~1.16,2400
SGM-ANGLE,앵글,원자재,MATERIAL,FIXED,EA,,3,0,,원가 없음(매입이력 0),,
SGM-BOARD-B110,간판 후판 110cm,원자재,PRODUCT,FIXED,EA,,0,0,,원가 없음(매입이력 0),,
SGM-BOARD-B140,간판 후판 140cm,원자재,PRODUCT,FIXED,EA,,0,84000,1.08,"카테고리(원자재, n=82)",1.02~1.16,90700
SGM-BOARD-B150,간판 후판 150cm,원자재,PRODUCT,FIXED,EA,,0,0,,원가 없음(매입이력 0),,
SGM-BOARD-B160,간판 후판 160cm,원자재,PRODUCT,FIXED,EA,,0,0,,원가 없음(매입이력 0),,
SGM-BOARD-B180,간판 후판 180cm,원자재,PRODUCT,FIXED,EA,,0,0,,원가 없음(매입이력 0),,
SGM-BOARD-B50,간판 후판 50cm,원자재,PRODUCT,FIXED,EA,,0,0,,원가 없음(매입이력 0),,
SGM-BOARD-B60,간판 후판 60cm,원자재,PRODUCT,FIXED,EA,,0,0,,원가 없음(매입이력 0),,
SGM-BOARD-B70,간판 후판 70cm,원자재,PRODUCT,FIXED,EA,,0,0,,원가 없음(매입이력 0),,
SGM-BOARD-B80,간판 후판 80cm,원자재,PRODUCT,FIXED,EA,,0,48000,1.08,"카테고리(원자재, n=82)",1.02~1.16,51800
SGM-CSM-R150-DG,채널바 옆마구리 150mm 진회색,원자재,PRODUCT,FIXED,EA,,0,0,,원가 없음(매입이력 0),,
SGM-CSM-R200-DG,채널바 옆마구리 200mm 진회색,원자재,PRODUCT,FIXED,EA,,0,0,,원가 없음(매입이력 0),,
SGM-CSM-R250-DG,채널바 옆마구리 250mm 진회색,원자재,PRODUCT,FIXED,EA,,0,0,,원가 없음(매입이력 0),,
SGM-CSM-R300-DG,채널바 옆마구리 300mm 진회색,원자재,PRODUCT,FIXED,EA,,0,0,,원가 없음(매입이력 0),,
SGM-CSM-R400-DG,채널바 옆마구리 400mm 진회색,원자재,PRODUCT,FIXED,EA,,0,0,,원가 없음(매입이력 0),,
SGM-FOOT-F300,발통 300mm,원자재,PRODUCT,FIXED,EA,,0,0,,원가 없음(매입이력 0),,
SGM-FOOT-F600,발통 600mm,원자재,PRODUCT,FIXED,EA,,0,0,,원가 없음(매입이력 0),,
SGM-FOOT-F800,발통 800mm,원자재,PRODUCT,FIXED,EA,,0,0,,원가 없음(매입이력 0),,
SGM-FOOT-F900,발통 900mm,원자재,PRODUCT,FIXED,EA,,0,0,,원가 없음(매입이력 0),,
SGM-GALVA,갈바,원자재,MATERIAL,FIXED,EA,,17,0,,원가 없음(매입이력 0),,
SGM-GWANBONG-SQ,경관봉(사각),원자재,PRODUCT,FIXED,EA,,0,0,,원가 없음(매입이력 0),,
SGM-IPB-GD,입체바 금색,원자재,PRODUCT,FIXED,EA,,0,0,,원가 없음(매입이력 0),,
SGM-IPB-LP,입체바 연핑크,원자재,PRODUCT,FIXED,EA,,0,0,,원가 없음(매입이력 0),,
SGM-IPB-YG,입체바 연두,원자재,PRODUCT,FIXED,EA,,0,0,,원가 없음(매입이력 0),,
SGM-IPB100-BR,입체바 1.0T 100mm 밤색,원자재,PRODUCT,FIXED,EA,,0,0,,원가 없음(매입이력 0),,
SGM-IPB100-DG,입체바 1.0T 100mm 진회색,원자재,PRODUCT,FIXED,EA,,0,0,,원가 없음(매입이력 0),,
SGM-IPB100-DP,입체바 1.0T 100mm 진핑크,원자재,PRODUCT,FIXED,EA,,0,0,,원가 없음(매입이력 0),,
SGM-IPB100-GD,입체바 1.0T 100mm 금색,원자재,PRODUCT,FIXED,EA,,0,0,,원가 없음(매입이력 0),,
SGM-IPB100-GN,입체바 1.0T 100mm 녹색,원자재,PRODUCT,FIXED,EA,,0,0,,원가 없음(매입이력 0),,
SGM-IPB100-LB,입체바 1.0T 100mm 연청색,원자재,PRODUCT,FIXED,EA,,0,0,,원가 없음(매입이력 0),,
SGM-IPB100-LP,입체바 1.0T 100mm 연핑크,원자재,PRODUCT,FIXED,EA,,0,0,,원가 없음(매입이력 0),,
SGM-IPB100-NB,입체바 1.0T 100mm 진청색,원자재,PRODUCT,FIXED,EA,,0,0,,원가 없음(매입이력 0),,
SGM-IPB100-OR,입체바 1.0T 100mm 주황색,원자재,PRODUCT,FIXED,EA,,0,0,,원가 없음(매입이력 0),,
SGM-IPB100-RD,입체바 1.0T 100mm 적색,원자재,PRODUCT,FIXED,EA,,0,0,,원가 없음(매입이력 0),,
SGM-IPB100-YG,입체바 1.0T 100mm 연두,원자재,PRODUCT,FIXED,EA,,0,0,,원가 없음(매입이력 0),,
SGM-IPB100-YL,입체바 1.0T 100mm 황색,원자재,PRODUCT,FIXED,EA,,0,0,,원가 없음(매입이력 0),,
SGM-KIV-W15,KIV 전선 1.5sq,원자재,PRODUCT,FIXED,EA,,0,73400,1.08,"카테고리(원자재, n=82)",1.02~1.16,79200
SGM-KIV-W25,KIV 전선 2.5sq,원자재,PRODUCT,FIXED,EA,,0,0,,원가 없음(매입이력 0),,
SGM-KIV-W40,KIV 전선 4.0sq,원자재,PRODUCT,FIXED,EA,,0,93400,1.08,"카테고리(원자재, n=82)",1.02~1.16,100800
SGM-KPB-GD,캡바 금색,원자재,PRODUCT,FIXED,EA,,0,0,,원가 없음(매입이력 0),,
SGM-KPB-LG,캡바 연회색,원자재,PRODUCT,FIXED,EA,,0,0,,원가 없음(매입이력 0),,
SGM-KPB-LP,캡바 연핑크,원자재,PRODUCT,FIXED,EA,,0,0,,원가 없음(매입이력 0),,
SGM-KPB-YG,캡바 연두,원자재,PRODUCT,FIXED,EA,,0,0,,원가 없음(매입이력 0),,
SGM-LED2-KDL,LED 2구 KDL,원자재,PRODUCT,FIXED,EA,,0,0,,원가 없음(매입이력 0),,
SGM-LED3-UPL,LED 3구 UPL,원자재,PRODUCT,FIXED,EA,,1,0,,원가 없음(매입이력 0),,
SGM-LEDF,LED형광등,원자재,MATERIAL,FIXED,EA,,1,0,,원가 없음(매입이력 0),,
SGM-LEDP-EM-BW,LED투광기 매립용 검정/전구,원자재,PRODUCT,FIXED,EA,,0,11500,1.08,"카테고리(원자재, n=82)",1.02~1.16,12400
SGM-LEDW-RGB,LED 4P 전선 RGB,원자재,PRODUCT,FIXED,EA,,0,0,,원가 없음(매입이력 0),,
SGM-SMPS,외부용 SMPS(방수),원자재,MATERIAL,FIXED,EA,,0,0,,원가 없음(매입이력 0),,
SGM-SMPS-W150,외부용 SMPS(방수) 150wt,원자재,PRODUCT,FIXED,EA,,2,0,,원가 없음(매입이력 0),,
SGM-SMPSI-W100,실내용 SMPS(비방수) 100wt,원자재,PRODUCT,FIXED,EA,,0,0,,원가 없음(매입이력 0),,
SGM-SMPSI-W1000,실내용 SMPS(비방수) 1000wt,원자재,PRODUCT,FIXED,EA,,0,0,,원가 없음(매입이력 0),,
SGM-SMPSI-W1200,실내용 SMPS(비방수) 1200wt,원자재,PRODUCT,FIXED,EA,,0,0,,원가 없음(매입이력 0),,
SGM-SMPSI-W150,실내용 SMPS(비방수) 150wt,원자재,PRODUCT,FIXED,EA,,0,0,,원가 없음(매입이력 0),,
SGM-SMPSI-W1500,실내용 SMPS(비방수) 1500wt,원자재,PRODUCT,FIXED,EA,,0,0,,원가 없음(매입이력 0),,
SGM-SMPSI-W200,실내용 SMPS(비방수) 200wt,원자재,PRODUCT,FIXED,EA,,0,0,,원가 없음(매입이력 0),,
SGM-SMPSI-W350,실내용 SMPS(비방수) 350wt,원자재,PRODUCT,FIXED,EA,,0,0,,원가 없음(매입이력 0),,
SGM-SMPSI-W600,실내용 SMPS(비방수) 600wt,원자재,PRODUCT,FIXED,EA,,0,0,,원가 없음(매입이력 0),,
SGM-TACK-T5,타카핀 5mm,원자재,PRODUCT,FIXED,EA,,0,0,,원가 없음(매입이력 0),,
SGM-TRB,트러스바,원자재,MATERIAL,FIXED,EA,,50,0,,원가 없음(매입이력 0),,
SGM-TRB-R250-DG,트러스바 250mm 진회색,원자재,PRODUCT,FIXED,EA,,0,0,,원가 없음(매입이력 0),,
SGM-TRB-R250-WH,트러스바 250mm 백색,원자재,PRODUCT,FIXED,EA,,0,0,,원가 없음(매입이력 0),,
SGM-TRF-R150,트러스바 보강대 150mm,원자재,PRODUCT,FIXED,EA,,0,0,,원가 없음(매입이력 0),,
SGM-TRF-R200,트러스바 보강대 200mm,원자재,PRODUCT,FIXED,EA,,0,0,,원가 없음(매입이력 0),,
SGM-TRUSS-SQ,각관 트러스,원자재,PRODUCT,FIXED,EA,,0,0,,원가 없음(매입이력 0),,
SGM-WIRE,조립배선,원자재,MATERIAL,FIXED,EA,,40,0,,원가 없음(매입이력 0),,
SIGN-CH,채널간판,간판,PRODUCT,FIXED,EA,,253,0,,원가 없음(매입이력 0),,
SIGN-ETC,간판 기타(일반),간판,PRODUCT,FIXED,EA,,61,0,,원가 없음(매입이력 0),,
SIGN-FRL,조명 프레임간판(신규 제작),간판,PRODUCT,FIXED,EA,,51,0,,원가 없음(매입이력 0),,
SIGN-FRN,비조명 프레임간판(신규 제작),간판,PRODUCT,FIXED,EA,,80,0,,원가 없음(매입이력 0),,
SIGN-FRN-R,비조명 프레임간판(원단 교체),간판,PRODUCT,FIXED,EA,,74,0,,원가 없음(매입이력 0),,
SIGN-PRT,돌출간판,간판,PRODUCT,FIXED,EA,,32,0,,원가 없음(매입이력 0),,
SIGN-SCS,스카시(입체문자),간판,PRODUCT,FIXED,EA,,19,0,,원가 없음(매입이력 0),,
SK-2279,평면경관봉70mm마구리,원자재,MATERIAL,FIXED,EA,,1,500,1.08,"카테고리(원자재, n=82)",1.02~1.16,500
SK-2612,라운드경관봉40mm마구리,원자재,MATERIAL,FIXED,EA,,2,500,1.08,"카테고리(원자재, n=82)",1.02~1.16,500
SK-930,LG시트-LT4058(122폭),원자재,MATERIAL,FIXED,EA,,2,203350,1.08,"카테고리(원자재, n=82)",1.02~1.16,219500
SK-LT404B,LG시트-LT404B(122폭),원자재,PRODUCT,FIXED,EA,,2,210600,1.08,"카테고리(원자재, n=82)",1.02~1.16,227400
SKS-10T-B-36,스카시,원자재,MATERIAL,FIXED,장,,0,10930,1.08,"카테고리(원자재, n=82)",1.02~1.16,11800
SKS-10T-W-36,스카시,원자재,MATERIAL,FIXED,장,,0,10930,1.08,"카테고리(원자재, n=82)",1.02~1.16,11800
SKS-20T-B-36,스카시,원자재,MATERIAL,FIXED,장,,0,13696.43,1.08,"카테고리(원자재, n=82)",1.02~1.16,14800
SKS-20T-W-36,스카시,원자재,MATERIAL,FIXED,장,,0,13000,1.08,"카테고리(원자재, n=82)",1.02~1.16,14000
SKS-30T-B-36,스카시,원자재,MATERIAL,FIXED,장,,0,19378.57,1.08,"카테고리(원자재, n=82)",1.02~1.16,20900
SKS-30T-W-36,스카시,원자재,MATERIAL,FIXED,장,,0,17500,1.08,"카테고리(원자재, n=82)",1.02~1.16,18900
SKS-50T-W-36,스카시,원자재,PRODUCT,FIXED,장,,0,0,,원가 없음(매입이력 0),,
SMG-4,새마을기 4호,태극기,PRODUCT,FIXED,EA,,4,3210,2.54,"카테고리(태극기, n=25)",2.31~3.32,8200
SMG-5,새마을기 5호,태극기,PRODUCT,FIXED,EA,,2,2295,2.54,"카테고리(태극기, n=25)",2.31~3.32,5800
SMG-7,새마을기 7호,태극기,PRODUCT,FIXED,EA,,1,1348.49,2.54,"카테고리(태극기, n=25)",2.31~3.32,3400
SMG-GDSET-7-R150-3,새마을기 깃대조립 SET 7호 R150 3구,태극기,PRODUCT,FIXED,EA,,1,0,,원가 없음(매입이력 0),,
SPC031G-105,투명시트 SPC031G,원자재,MATERIAL,FIXED,롤,,0,0,,원가 없음(매입이력 0),,
SPC031G-137,투명시트 SPC031G,원자재,MATERIAL,FIXED,롤,,0,0,,원가 없음(매입이력 0),,
SPC031G-152,투명시트 SPC031G,원자재,MATERIAL,FIXED,롤,,0,0,,원가 없음(매입이력 0),,
SPM011G-090,일반시트 SPM011G,원자재,MATERIAL,FIXED,롤,,19,1542.4,1.08,"카테고리(원자재, n=82)",1.02~1.16,1700
SPM011G-152,일반시트 SPM011G,원자재,MATERIAL,FIXED,롤,,4,2831.7412,1.08,"카테고리(원자재, n=82)",1.02~1.16,3100
SPM022G-137,그레이시트 SPM022G,원자재,MATERIAL,FIXED,롤,,0,2687.3,1.08,"카테고리(원자재, n=82)",1.02~1.16,2900
SPM022G-152,그레이시트 SPM022G,원자재,MATERIAL,FIXED,롤,,0,0,,원가 없음(매입이력 0),,
SPP031M-090,무광코팅지 SPP031M,원자재,MATERIAL,FIXED,롤,,35,1501.3166,1.08,"카테고리(원자재, n=82)",1.02~1.16,1600
SPP031M-152,무광코팅지 SPP031M,원자재,MATERIAL,FIXED,롤,,3,2740.24,1.08,"카테고리(원자재, n=82)",1.02~1.16,3000
SV-CANVAS,솔벤 캔버스,솔벤,PRODUCT,AREA,EA,,1,0,,AREA=㎡단가표 대상(원가 단위 부정합),,
SV-FLEXN,솔벤 비조명후렉스,솔벤,PRODUCT,AREA,EA,,4,0,,AREA=㎡단가표 대상(원가 단위 부정합),,
SV-PATB,솔벤 패트배너,솔벤,PRODUCT,AREA,EA,,0,0,,AREA=㎡단가표 대상(원가 단위 부정합),,
SV-PATB-NAT,솔벤 패트배너 나투라,솔벤,PRODUCT,AREA,EA,,0,101857.14,,AREA=㎡단가표 대상(원가 단위 부정합),,
SV-SHEET-PERF,솔벤 타공시트,솔벤,PRODUCT,FIXED,EA,,0,0,,원가 없음(매입이력 0),,
SVAT-137,솔벤 에어탑,원자재,MATERIAL,FIXED,yd,,0,2450.9,1.08,"카테고리(원자재, n=82)",1.02~1.16,2600
SVB-040,솔벤 현수막,원자재,MATERIAL,FIXED,yd,,1,630,1.08,"카테고리(원자재, n=82)",1.02~1.16,700
SVB-050,솔벤 현수막,원자재,MATERIAL,FIXED,yd,,1,630,1.08,"카테고리(원자재, n=82)",1.02~1.16,700
SVB-060,솔벤 현수막,원자재,MATERIAL,FIXED,yd,,1,470,1.08,"카테고리(원자재, n=82)",1.02~1.16,500
SVB-070,솔벤 현수막,원자재,MATERIAL,FIXED,yd,,0,690,1.08,"카테고리(원자재, n=82)",1.02~1.16,700
SVB-080,솔벤 현수막,원자재,MATERIAL,FIXED,yd,,1,600,1.08,"카테고리(원자재, n=82)",1.02~1.16,600
SVB-090,솔벤 현수막,원자재,MATERIAL,FIXED,yd,,2,673,1.08,"카테고리(원자재, n=82)",1.02~1.16,700
SVB-110,솔벤 현수막,원자재,MATERIAL,FIXED,yd,,1,810,1.08,"카테고리(원자재, n=82)",1.02~1.16,900
SVB-127,솔벤 현수막,원자재,MATERIAL,FIXED,yd,,2,1197,1.08,"카테고리(원자재, n=82)",1.02~1.16,1300
SVB-180,솔벤 현수막,원자재,MATERIAL,FIXED,yd,비활성,0,0,,원가 없음(매입이력 0),,
SVB-200,솔벤 현수막,원자재,MATERIAL,FIXED,yd,,1,2559,1.08,"카테고리(원자재, n=82)",1.02~1.16,2800
SVCOAT-127,솔벤용 코팅지,솔벤,PRODUCT,AREA,EA,,1,98500,,AREA=㎡단가표 대상(원가 단위 부정합),,
SVM-060,솔벤 매쉬,원자재,MATERIAL,FIXED,롤,,1,1255.8888,1.08,"카테고리(원자재, n=82)",1.02~1.16,1400
SVM-127,솔벤 매쉬,원자재,MATERIAL,FIXED,롤,,1,2426.0156,1.08,"카테고리(원자재, n=82)",1.02~1.16,2600
SVM-137,솔벤 매쉬,원자재,MATERIAL,FIXED,롤,,0,2660.54,1.08,"카테고리(원자재, n=82)",1.02~1.16,2900
SVM-160,솔벤 매쉬,원자재,MATERIAL,FIXED,롤,,0,3200,1.08,"카테고리(원자재, n=82)",1.02~1.16,3500
SVM-180,솔벤 매쉬,원자재,MATERIAL,FIXED,롤,,0,3600,1.08,"카테고리(원자재, n=82)",1.02~1.16,3900
SVM-200,솔벤 매쉬,원자재,MATERIAL,FIXED,롤,,0,4000,1.08,"카테고리(원자재, n=82)",1.02~1.16,4300
SVM-220,솔벤 매쉬,원자재,MATERIAL,FIXED,롤,,0,4720,1.08,"카테고리(원자재, n=82)",1.02~1.16,5100
SVM-250,솔벤 매쉬,원자재,MATERIAL,FIXED,롤,,0,5800,1.08,"카테고리(원자재, n=82)",1.02~1.16,6300
SVM-320,솔벤 매쉬,원자재,MATERIAL,FIXED,롤,,0,7212.8,1.08,"카테고리(원자재, n=82)",1.02~1.16,7800
SVT-250,솔벤 텐트천,원자재,PRODUCT,FIXED,EA,,1,0,,원가 없음(매입이력 0),,
SVT-320,솔벤 텐트천,원자재,PRODUCT,FIXED,EA,,1,0,,원가 없음(매입이력 0),,
SYN-060,합성지 30M 호홍,원자재,MATERIAL,FIXED,롤,,1,809,1.08,"카테고리(원자재, n=82)",1.02~1.16,900
SYN-152,합성지 30M 호홍,원자재,MATERIAL,FIXED,롤,,1,2266.6667,1.08,"카테고리(원자재, n=82)",1.02~1.16,2400
SYN-AN-060,합성지(30m)-아누코,원자재,MATERIAL,FIXED,yd,비활성,0,0,,원가 없음(매입이력 0),,
SYN-AN-090,합성지(30m)-아누코,원자재,MATERIAL,FIXED,yd,비활성,0,0,,원가 없음(매입이력 0),,
SYN-IT-127,합성지 30M 잉크테크,원자재,MATERIAL,FIXED,롤,,1,2340,1.08,"카테고리(원자재, n=82)",1.02~1.16,2500
SYN-NA-127,비점착 합성지 30M 호홍,원자재,MATERIAL,FIXED,롤,,1,1283.3333,1.08,"카테고리(원자재, n=82)",1.02~1.16,1400
SYNG-060,합성지그레이 30M 호홍,원자재,MATERIAL,FIXED,롤,,0,0,,원가 없음(매입이력 0),,
SYNG-090,합성지그레이 30M 호홍,원자재,MATERIAL,FIXED,롤,,0,0,,원가 없음(매입이력 0),,
SYNG-127,합성지그레이 30M 호홍,원자재,MATERIAL,FIXED,롤,,0,1560,1.08,"카테고리(원자재, n=82)",1.02~1.16,1700
SYNG-152,합성지그레이 30M 호홍,원자재,MATERIAL,FIXED,롤,,0,1983.3333,1.08,"카테고리(원자재, n=82)",1.02~1.16,2100
SYNG-AN-090,합성지 그레이(30m)-아누코,원자재,MATERIAL,FIXED,yd,비활성,0,0,,원가 없음(매입이력 0),,
SYNG-AN-127,합성지 그레이(30m)-아누코,원자재,MATERIAL,FIXED,yd,비활성,0,0,,원가 없음(매입이력 0),,
TAPE-1T,양면테이프 1T,상품,GOODS,FIXED,EA,,2,2260,1.67,"카테고리(상품, n=34)",1.47~1.79,3800
TAPE-3T,양면테이프 3T,상품,GOODS,FIXED,EA,,4,0,,원가 없음(매입이력 0),,
TENT-090,수성 텐트천,원자재,MATERIAL,FIXED,yd,,1,1440,1.08,"카테고리(원자재, n=82)",1.02~1.16,1600
TENT-127,수성 텐트천,원자재,MATERIAL,FIXED,yd,,0,1850,1.08,"카테고리(원자재, n=82)",1.02~1.16,2000
TENT-152,수성 텐트천,원자재,MATERIAL,FIXED,yd,,0,0,,원가 없음(매입이력 0),,
TENT-180,수성 텐트천,원자재,MATERIAL,FIXED,yd,,0,2350,1.08,"카테고리(원자재, n=82)",1.02~1.16,2500
TGK-GDSET-7-1-R120-3,태극기 깃대조립 SET 7호-1 R120 3구,태극기,PRODUCT,FIXED,EA,,1,0,,원가 없음(매입이력 0),,
TGK-GDSET-7-1-R150-2,태극기 깃대조립 SET 7호-1 R150 2구,태극기,PRODUCT,FIXED,EA,,1,0,,원가 없음(매입이력 0),,
TGK-GDSET-8-R150-2,태극기 깃대조립 SET 8호 R150 2구,태극기,PRODUCT,FIXED,EA,,1,0,,원가 없음(매입이력 0),,
TGK-JASU,태극기 정기자수 깃발,태극기,PRODUCT,FIXED,EA,비활성,0,0,,원가 없음(매입이력 0),,
TGK-JASU-S120X80,태극기 정기자수 깃발 120×80,태극기,PRODUCT,FIXED,EA,,0,0,,원가 없음(매입이력 0),,
TGK-JASU-S135X90,태극기 정기자수 깃발 135×90,태극기,PRODUCT,FIXED,EA,,0,0,,원가 없음(매입이력 0),,
TGK-SGSET-30-L60,태극기 수기대조립 SET 30×20 수기대 60cm,태극기,PRODUCT,FIXED,EA,,3,0,,원가 없음(매입이력 0),,
TGK-SGSET-45-L60,태극기 수기대조립 SET 45×30 수기대 60cm,태극기,PRODUCT,FIXED,EA,,3,0,,원가 없음(매입이력 0),,
TGK-SPECIAL-S540X360,태극기 특호 540×360,태극기,PRODUCT,FIXED,EA,,15,0,,원가 없음(매입이력 0),,
TGK-SPECIAL-S900X600,태극기 특호 900×600,태극기,PRODUCT,FIXED,EA,,2,0,,원가 없음(매입이력 0),,
TPL-090,타포린,원자재,MATERIAL,FIXED,yd,,3,0,,원가 없음(매입이력 0),,
TRB-ME-150,전사 가로등배너 매쉬 60×150,전사,PRODUCT,FIXED,EA,,1,0,,원가 없음(매입이력 0),,
TRB-ME-160,전사 가로등배너 매쉬 60×160,전사,PRODUCT,FIXED,EA,,2,0,,원가 없음(매입이력 0),,
TRB-ME-180,전사 가로등배너 매쉬 60×180,전사,PRODUCT,FIXED,EA,,2,0,,원가 없음(매입이력 0),,
TRGI-ME,전사 자이언트배너 매쉬,전사,PRODUCT,AREA,EA,,4,0,,AREA=㎡단가표 대상(원가 단위 부정합),,
TRM-SA,전사 만장기 샤틴,전사,PRODUCT,AREA,EA,,4,0,,AREA=㎡단가표 대상(원가 단위 부정합),,
TROPICAL-070,트로피칼,원자재,MATERIAL,FIXED,yd,비활성,0,412.86,1.08,"카테고리(원자재, n=82)",1.02~1.16,400
TROPICAL-090,트로피칼,원자재,MATERIAL,FIXED,yd,비활성,0,438.22,1.08,"카테고리(원자재, n=82)",1.02~1.16,500
TRW-ME,전사 윈드배너 매쉬,전사,PRODUCT,AREA,EA,비활성,0,0,,AREA=㎡단가표 대상(원가 단위 부정합),,
TRW-PO,전사 윈드배너 폰지,전사,PRODUCT,AREA,EA,비활성,0,0,,AREA=㎡단가표 대상(원가 단위 부정합),,
TRWK-ME,전사 워킹배너 매쉬,전사,PRODUCT,AREA,EA,비활성,0,0,,AREA=㎡단가표 대상(원가 단위 부정합),,
TRWK-ME-F,전사 워킹배너 매쉬 F형,전사,PRODUCT,AREA,EA,,0,0,,AREA=㎡단가표 대상(원가 단위 부정합),,
TRWK-ME-H,전사 워킹배너 매쉬 H형,전사,PRODUCT,AREA,EA,,0,0,,AREA=㎡단가표 대상(원가 단위 부정합),,
TRWK-PO,전사 워킹배너 폰지,전사,PRODUCT,AREA,EA,비활성,0,0,,AREA=㎡단가표 대상(원가 단위 부정합),,
TRWK-PO-F,전사 워킹배너 폰지 F형,전사,PRODUCT,AREA,EA,,0,0,,AREA=㎡단가표 대상(원가 단위 부정합),,
TRWK-PO-H,전사 워킹배너 폰지 H형,전사,PRODUCT,AREA,EA,,0,0,,AREA=㎡단가표 대상(원가 단위 부정합),,
ULTRA-BOJO-100,울트라 보조시트,상품,GOODS,FIXED,롤,,1,1864.8,1.67,"카테고리(상품, n=34)",1.47~1.79,3100
ULTRA-CAL-100,울트라 칼라시트,상품,GOODS,FIXED,롤,,1,1610,1.67,"카테고리(상품, n=34)",1.47~1.79,2700
UV-ACR-2T-B,UV 아크릴 2T 검정,UV,PRODUCT,AREA,EA,,0,0,,AREA=㎡단가표 대상(원가 단위 부정합),,
UV-ACR-2T-C,UV 아크릴 2T 투명,UV,PRODUCT,AREA,EA,,1,0,,AREA=㎡단가표 대상(원가 단위 부정합),,
UV-ACR-2T-W,UV 아크릴 2T 백색,UV,PRODUCT,AREA,EA,,20,0,,AREA=㎡단가표 대상(원가 단위 부정합),,
UV-ACR-3T-B,UV 아크릴 3T 검정,UV,PRODUCT,AREA,EA,,7,0,,AREA=㎡단가표 대상(원가 단위 부정합),,
UV-ACR-3T-C,UV 아크릴 3T 투명,UV,PRODUCT,AREA,EA,,3,0,,AREA=㎡단가표 대상(원가 단위 부정합),,
UV-ACR-3T-W,UV 아크릴 3T 백색,UV,PRODUCT,AREA,EA,,8,0,,AREA=㎡단가표 대상(원가 단위 부정합),,
UV-ACR-5T-B,UV 아크릴 5T 검정,UV,PRODUCT,AREA,EA,,13,0,,AREA=㎡단가표 대상(원가 단위 부정합),,
UV-ACR-5T-C,UV 아크릴 5T 투명,UV,PRODUCT,AREA,EA,,6,0,,AREA=㎡단가표 대상(원가 단위 부정합),,
UV-BKLT,UV 백릿,UV,PRODUCT,AREA,EA,,2,0,,AREA=㎡단가표 대상(원가 단위 부정합),,
UV-FMX-10T-B,UV 포맥스 10T 검정,UV,PRODUCT,AREA,EA,,0,0,,AREA=㎡단가표 대상(원가 단위 부정합),,
UV-FMX-2T-B,UV 포맥스 2T 검정,UV,PRODUCT,AREA,EA,,3,0,,AREA=㎡단가표 대상(원가 단위 부정합),,
UV-FMX-3T-B,UV 포맥스 3T 검정,UV,PRODUCT,AREA,EA,,0,0,,AREA=㎡단가표 대상(원가 단위 부정합),,
UV-FMX-5T-B,UV 포맥스 5T 검정,UV,PRODUCT,AREA,EA,,6,0,,AREA=㎡단가표 대상(원가 단위 부정합),,
UV-FMX-8T-B,UV 포맥스 8T 검정,UV,PRODUCT,AREA,EA,,1,0,,AREA=㎡단가표 대상(원가 단위 부정합),,
UV-JJN-06T,UV 자작나무 6t,UV,PRODUCT,AREA,EA,,62,0,,AREA=㎡단가표 대상(원가 단위 부정합),,
UV-JJN-09T,UV 자작나무 9t,UV,PRODUCT,AREA,EA,,8,0,,AREA=㎡단가표 대상(원가 단위 부정합),,
UV-JJN-15T,UV 자작나무 15t,UV,PRODUCT,AREA,EA,,0,0,,AREA=㎡단가표 대상(원가 단위 부정합),,
UV-JJN-18T,UV 자작나무 18t,UV,PRODUCT,AREA,EA,,0,0,,AREA=㎡단가표 대상(원가 단위 부정합),,
UV-MESH,UV 매쉬,UV,PRODUCT,AREA,EA,,1,0,,AREA=㎡단가표 대상(원가 단위 부정합),,
UV-PATC,UV 투명패트,UV,PRODUCT,AREA,EA,,3,0,,AREA=㎡단가표 대상(원가 단위 부정합),,
UV-PC-1.8T-M,UV 광확산PC 1.8T 유백,UV,PRODUCT,AREA,EA,,0,33500,,AREA=㎡단가표 대상(원가 단위 부정합),,
UV-PC-3T-M,UV 광확산PC 3T 유백,UV,PRODUCT,AREA,EA,,8,0,,AREA=㎡단가표 대상(원가 단위 부정합),,
UV-PC-4.5T-M,UV 광확산PC 4.5T 유백,UV,PRODUCT,AREA,EA,,2,0,,AREA=㎡단가표 대상(원가 단위 부정합),,
UV-PDK-F,UV 뽀닥 호일형,UV,PRODUCT,AREA,EA,,4,0,,AREA=㎡단가표 대상(원가 단위 부정합),,
UV-PDK-J,UV 뽀닥 직물형,UV,PRODUCT,AREA,EA,,10,0,,AREA=㎡단가표 대상(원가 단위 부정합),,
UV-PRM-Y,UV 고휘도반사 노랑,UV,PRODUCT,AREA,EA,,0,0,,AREA=㎡단가표 대상(원가 단위 부정합),,
UV-SKS-10T-B,UV 스카시 10T 검정,UV,PRODUCT,AREA,EA,,8,10930,,AREA=㎡단가표 대상(원가 단위 부정합),,
UV-SKS-10T-W,UV 스카시 10T 백색,UV,PRODUCT,AREA,EA,,4,10930,,AREA=㎡단가표 대상(원가 단위 부정합),,
UV-SKS-20T-B,UV 스카시 20T 검정,UV,PRODUCT,AREA,EA,,25,14950,,AREA=㎡단가표 대상(원가 단위 부정합),,
UV-SKS-20T-W,UV 스카시 20T 백색,UV,PRODUCT,AREA,EA,,3,0,,AREA=㎡단가표 대상(원가 단위 부정합),,
UV-SKS-30T-B,UV 스카시 30T 검정,UV,PRODUCT,AREA,EA,,3,20130,,AREA=㎡단가표 대상(원가 단위 부정합),,
UV-SKS-30T-W,UV 스카시 30T 백색,UV,PRODUCT,AREA,EA,,11,20130,,AREA=㎡단가표 대상(원가 단위 부정합),,
UV-SKS-50T-W,UV 스카시 50T 백색,UV,PRODUCT,FIXED,EA,,0,0,,원가 없음(매입이력 0),,
UV-TENT,UV 텐트천,UV,PRODUCT,AREA,EA,,2,0,,AREA=㎡단가표 대상(원가 단위 부정합),,
UV-WRAP,UV 랩핑시트,UV,PRODUCT,AREA,EA,,0,0,,AREA=㎡단가표 대상(원가 단위 부정합),,
WDR-25-090,원형나무 25mm 90폭,원자재,MATERIAL,FIXED,EA,,5,0,,원가 없음(매입이력 0),,
WDS-01,각목,원자재,MATERIAL,FIXED,EA,비활성,0,0,,원가 없음(매입이력 0),,
