분류,품목코드,품목명,방식,단위,라인수,거래처수,단가종류,제안단가(중앙값),Q1,Q3,최소,최대,변동(IQR/중앙값)
C보류_주문제작,SIGN-CH,채널간판,FIXED,원/개,253,57,199,340000,190000,732000,30000,9400000,1.594
C보류_무질서,ETC-EXP,긴급배송(용달/퀵),FIXED,원/개,110,53,32,22000,9000,90000,7000,180000,3.682
C보류_주문제작,SIGN-FRN,비조명 프레임간판(신규 제작),FIXED,원/개,80,25,60,342000,187000,469000,40000,2200000,0.825
C보류_주문제작,SIGN-FRN-R,비조명 프레임간판(원단 교체),FIXED,원/개,74,25,55,150000,104000,210000,30000,385000,0.707
C보류_표본편향,UV-JJN-06T,UV 자작나무 6t,AREA,원/㎡,62,1,42,21000,6000,43000,3000,130800,1.762
C보류_무질서,SIGN-ETC,간판 기타(일반),FIXED,원/개,61,30,46,86000,48000,280000,2000,8200000,2.698
C보류_주문제작,SIGN-FRL,조명 프레임간판(신규 제작),FIXED,원/개,51,26,48,489000,338000,748000,50000,2050000,0.838
C보류_주문제작,SGM-TRB,트러스바,FIXED,원/개,50,21,44,188000,126000,330000,23000,825000,1.085
C보류_주문제작,SGM-WIRE,조립배선,FIXED,원/개,40,18,17,100000,80000,150000,16000,480000,0.700
C보류_주문제작,SPP031M-090,무광코팅지 SPP031M,FIXED,원/개,35,14,14,81000,78000,134500,73800,152250,0.698
C보류_주문제작,SIGN-PRT,돌출간판,FIXED,원/개,32,18,18,180000,130000,260000,70000,640000,0.722
C보류_무질서,ACC-042,국기봉/막봉,FIXED,원/개,25,9,12,130,130,500,120,30000,2.846
C보류_주문제작,SIGN-SCS,스카시(입체문자),FIXED,원/개,19,11,17,121000,80000,172000,25000,667000,0.760
C보류_주문제작,SPM011G-090,일반시트 SPM011G,FIXED,원/개,19,9,11,85050,81000,138000,75100,152000,0.670
C보류_주문제작,SGM-GALVA,갈바,FIXED,원/개,17,13,14,262000,185000,450000,90000,2900000,1.011
C보류_주문제작,ACC-013-S60X180,배너대 조립(조당) 60×180,FIXED,원/개,16,13,10,14000,11000,22000,9900,35000,0.786
C보류_주문제작,ETC-INSTALL,시공·부착비,FIXED,원/개,15,13,14,32000,18000,68000,9000,250000,1.563
C보류_주문제작,TGK-SPECIAL-S540X360,태극기 특호 540×360,FIXED,원/개,15,6,8,100000,90000,150000,72000,280000,0.600
C보류_무질서,ETC-DISC,할인,FIXED,원/개,13,10,13,8000,1120,49545,7,192000,6.053
C보류_무질서,UV-PDK-J,UV 뽀닥 직물형,AREA,원/㎡,10,2,10,7800,3600,41700,2500,51000,4.885
C보류_주문제작,JG-JASU-S135X90,정기 자수 깃발 135×90,FIXED,원/개,9,7,8,170000,25000,175437,15789,230000,0.885
C보류_표본편향,UV-JJN-09T,UV 자작나무 9t,AREA,원/㎡,8,1,7,8000,6000,15000,1500,80800,1.125
C보류_주문제작,ACC-034,깃대(기타),FIXED,원/개,8,6,6,19800,1800,19800,700,30000,0.909
C보류_주문제작,ACC-029-1600,까치발 1600mm,FIXED,원/개,7,5,5,10000,9000,15000,9000,30000,0.600
C보류_주문제작,GDS-LRF-S60X40,좌우보필형 액자 60×40,FIXED,원/개,7,4,5,20000,18000,35000,18000,37000,0.850
C보류_무질서,UV-ACR-2T-W,UV 아크릴 2T 백색,AREA,원/㎡,6,6,4,5000,5000,15000,3000,25000,2.000
C보류_무질서,UV-FMX-5T-B,UV 포맥스 5T 검정,AREA,원/㎡,6,5,6,10000,7000,41100,2500,42600,3.410
C보류_주문제작,BUJIK-060,부직포,FIXED,원/개,6,4,6,93000,76000,146000,2500,170000,0.753
C보류_무질서,WDR-25-090,원형나무 25mm 90폭,FIXED,원/개,5,5,5,900,300,20000,200,22000,21.889
N_표본부족,TRGI-ME,전사 자이언트배너 매쉬,AREA,원/㎡,4,2,3,3800,3800,4600,3800,5000,0.211
N_표본부족,TRM-SA,전사 만장기 샤틴,AREA,원/㎡,4,1,2,13300,13300,13300,13300,14800,0.000
N_표본부족,UV-PC-3T-M,UV 광확산PC 3T 유백,AREA,원/㎡,4,4,4,70000,14700,135100,14700,190000,1.720
N_표본부족,ACC-023,자이언트배너 폴세트,FIXED,원/개,4,4,3,80000,80000,100000,80000,135000,0.250
N_표본부족,ACC-029-150,까치발 150mm,FIXED,원/개,4,2,2,4000,4000,4000,4000,5000,0.000
N_표본부족,ACC-030-R130-3,가로기 깃대(조립) R130 3구,FIXED,원/개,4,3,3,3000,2500,6500,2500,6500,1.333
N_표본부족,ACC-045-24-G,아일렛 24호 금,FIXED,원/개,4,3,3,19500,12600,22000,12600,22000,0.482
N_표본부족,ACC-045-5-S,아일렛 5호 은,FIXED,원/개,4,2,2,6200,6200,8000,6200,8000,0.290
N_표본부족,FLEXL-090,조명용 후렉스,FIXED,원/개,4,1,4,95000,85500,123500,85500,144000,0.400
N_표본부족,FMX-5T-W-48,포맥스 (브랜드 미상),FIXED,원/개,4,2,3,21000,7200,21000,7200,25000,0.657
N_표본부족,GDS-CSR,청사초롱,FIXED,원/개,4,3,4,4500,3200,5000,3200,8000,0.400
N_표본부족,GDS-LRF-S20X30,좌우보필형 액자 20×30,FIXED,원/개,4,1,2,10000,10000,10000,10000,10500,0.000
N_표본부족,JG-BONYEOM-S120X80,정기 본염 깃발 120×80,FIXED,원/개,4,3,4,70000,60000,110000,60000,120000,0.714
N_표본부족,MBG-7,민방위기 7호,FIXED,원/개,4,3,3,3000,2300,3000,2300,4000,0.233
N_표본부족,MBG-7-1,민방위기 7호-1,FIXED,원/개,4,4,3,2300,2000,3000,2000,3000,0.435
N_표본부족,MBG-8,민방위기 8호,FIXED,원/개,4,3,2,1300,1200,1300,1200,1300,0.077
N_표본부족,NHG-7,노인회기 7호,FIXED,원/개,4,3,3,2300,2300,5000,2300,8000,1.174
N_표본부족,SMG-4,새마을기 4호,FIXED,원/개,4,4,4,15000,8500,29000,8500,30000,1.367
N_표본부족,SPM011G-152,일반시트 SPM011G,FIXED,원/개,4,3,2,149000,149000,149000,149000,156450,0.000
N_표본부족,TAPE-3T,양면테이프 3T,FIXED,원/개,4,3,2,5000,5000,5000,5000,6000,0.000
N_표본부족,SV-FLEXN,솔벤 비조명후렉스,AREA,원/㎡,3,3,3,25900,24300,26300,24300,26300,0.077
N_표본부족,UV-ACR-5T-C,UV 아크릴 5T 투명,AREA,원/㎡,3,6,3,65000,2600,353900,2600,353900,5.405
N_표본부족,UV-PDK-F,UV 뽀닥 호일형,AREA,원/㎡,3,2,2,85000,84900,85000,84900,85000,0.001
N_표본부족,UV-SKS-20T-B,UV 스카시 20T 검정,AREA,원/㎡,3,8,3,68000,27800,280000,27800,280000,3.709
N_표본부족,UV-SKS-30T-W,UV 스카시 30T 백색,AREA,원/㎡,3,6,3,120000,76400,223500,76400,223500,1.226
N_표본부족,ACC-029-1300,까치발 1300mm,FIXED,원/개,3,3,2,7500,7500,25000,7500,25000,2.333
N_표본부족,ACC-029-600,까치발 600mm,FIXED,원/개,3,2,2,6000,5000,6000,5000,6000,0.167
N_표본부족,ACC-037,유리섬유 깃대(그라스화이바),FIXED,원/개,3,2,2,15000,6000,15000,6000,15000,0.600
N_표본부족,AQ-HEADBAND,수성 머리띠,FIXED,원/개,3,3,3,3000,2500,3500,2500,3500,0.333
N_표본부족,CLEAR-127,클리어필름,FIXED,원/개,3,3,3,139200,117500,170000,117500,170000,0.377
N_표본부족,GDS-FB1,국기함 보급형,FIXED,원/개,3,2,2,680,680,750,680,750,0.103
N_표본부족,GDS-JASUSET-S135X90,자수깃발 세트(삼발이) 135×90,FIXED,원/개,3,1,2,200000,200000,240000,200000,240000,0.200
N_표본부족,HJ-YMSIDE50-P127,양면코팅지(50m) 127폭,FIXED,원/개,3,1,2,99000,86000,99000,86000,99000,0.131
N_표본부족,MCP180-090,무광코팅지 180g-호홍,FIXED,원/개,3,2,2,58000,50500,58000,50500,58000,0.129
N_표본부족,NHG-7-1,노인회기 7호-1,FIXED,원/개,3,3,2,3000,3000,3500,3000,3500,0.167
N_표본부족,PJ-PAT-P60,패트배너-프라임 60폭,FIXED,원/개,3,1,3,61000,35500,71000,35500,71000,0.582
N_표본부족,PONGE-180,폰지,FIXED,원/개,3,2,2,1450,1450,1500,1450,1500,0.034
N_표본부족,SGM-ANGLE,앵글,FIXED,원/개,3,3,3,15000,10000,20000,10000,20000,0.667
N_표본부족,SPP031M-152,무광코팅지 SPP031M,FIXED,원/개,3,3,3,149000,145000,152250,145000,152250,0.049
N_표본부족,TGK-SGSET-30-L60,태극기 수기대조립 SET 30×20 수기대 60cm,FIXED,원/개,3,3,3,1500,1000,1900,1000,1900,0.600
N_표본부족,TGK-SGSET-45-L60,태극기 수기대조립 SET 45×30 수기대 60cm,FIXED,원/개,3,2,3,1400,1200,1500,1200,1500,0.214
N_표본부족,TPL-090,타포린,FIXED,원/개,3,2,3,9600,6000,26800,6000,26800,2.167
N_표본부족,UV-BKLT,UV 백릿,AREA,원/㎡,2,2,2,17300,17300,20800,17300,20800,0.202
N_표본부족,UV-FMX-2T-B,UV 포맥스 2T 검정,AREA,원/㎡,2,3,2,2000,2000,18000,2000,18000,8.000
N_표본부족,UV-PATC,UV 투명패트,AREA,원/㎡,2,2,1,15000,15000,15000,15000,15000,0.000
N_표본부족,UV-TENT,UV 텐트천,AREA,원/㎡,2,1,1,13100,13100,13100,13100,13100,0.000
N_표본부족,ACC-013,배너대 조립(조당),FIXED,원/개,2,2,2,14500,14500,24000,14500,24000,0.655
N_표본부족,ACC-029-400,까치발 400mm,FIXED,원/개,2,2,2,4000,4000,150000,4000,150000,36.500
N_표본부족,ACC-029-700,까치발 700mm,FIXED,원/개,2,2,2,5000,5000,6000,5000,6000,0.200
N_표본부족,ACC-039,계양기 로프,FIXED,원/개,2,2,2,60000,60000,70000,60000,70000,0.167
N_표본부족,ACC-048,쌍클립,FIXED,원/개,2,2,2,10000,10000,12000,10000,12000,0.200
N_표본부족,ACC-049-CR,족자봉 원형 85~150cm,FIXED,원/개,2,2,2,4700,4700,11200,4700,11200,1.383
N_표본부족,ACC-JJ-CAP-CR,사각족자봉 마개 크롬,FIXED,원/개,2,2,2,70,70,80,70,80,0.143
N_표본부족,ACC-JJ-HOOK,족자봉 고리,FIXED,원/개,2,2,2,40,40,60,40,60,0.500
N_표본부족,ALM-2T-S-48,알마이트,FIXED,원/개,2,2,2,25000,25000,40000,25000,40000,0.600
N_표본부족,BUJIK-090,부직포,FIXED,원/개,2,1,2,1440,1440,87000,1440,87000,59.417
N_표본부족,CPP-UV,UV무광 코팅지 200g,FIXED,원/개,2,2,2,50000,50000,77000,50000,77000,0.540
N_표본부족,GDS-EQ-EP1852,EP-시리즈 수성 EP1852,FIXED,원/개,2,2,1,12700000,12700000,12700000,12700000,12700000,0.000
N_표본부족,GDS-INDUGI,인두기(열재단),FIXED,원/개,2,2,2,47000,47000,219000,47000,219000,3.660
N_표본부족,GDS-INDUKAL,즉열인두기 칼날,FIXED,원/개,2,2,1,35000,35000,35000,35000,35000,0.000
N_표본부족,GITBAL-070,깃발천,FIXED,원/개,2,1,1,1330,1330,1330,1330,1330,0.000
N_표본부족,JG-E4-P127,E4 엠보 무광(45m/200g) 127폭,FIXED,원/개,2,2,2,111200,111200,112000,111200,112000,0.007
N_표본부족,MBG-GDSET-7-1-R150-3,민방위기 깃대조립 SET 7호-1 R150 3구,FIXED,원/개,2,1,2,3600,3600,4200,3600,4200,0.167
N_표본부족,NAT-127,나투라 솔벤패트,FIXED,원/개,2,2,2,123000,123000,128000,123000,128000,0.041
N_표본부족,PJ-HAP-P127,합성지-프라임 127폭,FIXED,원/개,2,1,1,66300,66300,66300,66300,66300,0.000
N_표본부족,PJ-KELGR-P152,PVC(켈) 그레이-프라임 152폭,FIXED,원/개,2,2,2,80000,80000,89600,80000,89600,0.120
N_표본부족,PJ-MUINH,무광인화지,FIXED,원/개,2,2,2,65000,65000,78000,65000,78000,0.200
N_표본부족,SGM-SMPS-W150,외부용 SMPS(방수) 150wt,FIXED,원/개,2,2,1,22000,22000,22000,22000,22000,0.000
N_표본부족,SK-2612,라운드경관봉40mm마구리,FIXED,원/개,2,1,1,21000,21000,21000,21000,21000,0.000
N_표본부족,SK-930,LG시트-LT4058(122폭),FIXED,원/개,2,2,2,216000,216000,226800,216000,226800,0.050
N_표본부족,SK-LT404B,LG시트-LT404B(122폭),FIXED,원/개,2,2,2,216000,216000,226800,216000,226800,0.050
N_표본부족,SMG-5,새마을기 5호,FIXED,원/개,2,2,2,3500,3500,24000,3500,24000,5.857
N_표본부족,SVB-090,솔벤 현수막,FIXED,원/개,2,1,2,770,770,920,770,920,0.195
N_표본부족,SVB-127,솔벤 현수막,FIXED,원/개,2,2,2,1300,1300,1410,1300,1410,0.085
N_표본부족,TAPE-1T,양면테이프 1T,FIXED,원/개,2,2,2,2000,2000,3300,2000,3300,0.650
N_표본부족,TGK-SPECIAL-S900X600,태극기 특호 900×600,FIXED,원/개,2,2,2,270000,270000,350000,270000,350000,0.296
N_표본부족,TRB-ME-160,전사 가로등배너 매쉬 60×160,FIXED,원/개,2,1,1,4500,4500,4500,4500,4500,0.000
N_표본부족,TRB-ME-180,전사 가로등배너 매쉬 60×180,FIXED,원/개,2,2,2,4500,4500,8000,4500,8000,0.778
N_표본부족,UV-ACR-3T-B,UV 아크릴 3T 검정,AREA,원/㎡,1,6,1,25000,25000,25000,25000,25000,0.000
N_표본부족,UV-ACR-3T-W,UV 아크릴 3T 백색,AREA,원/㎡,1,5,1,5000,5000,5000,5000,5000,0.000
N_표본부족,UV-FMX-8T-B,UV 포맥스 8T 검정,AREA,원/㎡,1,1,1,23000,23000,23000,23000,23000,0.000
N_표본부족,UV-MESH,UV 매쉬,AREA,원/㎡,1,1,1,11100,11100,11100,11100,11100,0.000
N_표본부족,UV-SKS-10T-B,UV 스카시 10T 검정,AREA,원/㎡,1,5,1,37300,37300,37300,37300,37300,0.000
N_표본부족,UV-SKS-20T-W,UV 스카시 20T 백색,AREA,원/㎡,1,3,1,102600,102600,102600,102600,102600,0.000
N_표본부족,ACC-013-S60X220,배너대 조립(조당) 60×220,FIXED,원/개,1,1,1,14000,14000,14000,14000,14000,0.000
N_표본부족,ACC-024,복배너 중앙대,FIXED,원/개,1,1,1,1000,1000,1000,1000,1000,0.000
N_표본부족,ACC-025,빅폴 SET,FIXED,원/개,1,1,1,60000,60000,60000,60000,60000,0.000
N_표본부족,ACC-029-1260,까치발 1260mm,FIXED,원/개,1,1,1,9500,9500,9500,9500,9500,0.000
N_표본부족,ACC-029-1700,까치발 1700mm,FIXED,원/개,1,1,1,20000,20000,20000,20000,20000,0.000
N_표본부족,ACC-029-2000,까치발 2000mm,FIXED,원/개,1,1,1,11000,11000,11000,11000,11000,0.000
N_표본부족,ACC-050-P12,삼각접착고리 판형 12파이,FIXED,원/개,1,1,1,20000,20000,20000,20000,20000,0.000
N_표본부족,ACC-JJ-CAP-GR,사각족자봉 마개 그레이,FIXED,원/개,1,1,1,70,70,70,70,70,0.000
N_표본부족,ACC-JJ-JOINT,족자봉 연결대,FIXED,원/개,1,1,1,2000,2000,2000,2000,2000,0.000
N_표본부족,ACC-JJ-RCAP-SV,원형족자봉 마개 은색 16파이,FIXED,원/개,1,1,1,120,120,120,120,120,0.000
N_표본부족,ACC-MOLD-24,자동몰드 24호,FIXED,원/개,1,1,1,20600,20600,20600,20600,20600,0.000
N_표본부족,ACC-MOLD-9,자동몰드 9호,FIXED,원/개,1,1,1,29000,29000,29000,29000,29000,0.000
N_표본부족,AQ1-105,수성 현수막원단 1코팅,FIXED,원/개,1,1,1,660,660,660,660,660,0.000
N_표본부족,AQ2-030,수성 현수막원단 2코팅,FIXED,원/개,1,1,1,350,350,350,350,350,0.000
N_표본부족,AQ2-250,수성 현수막원단 2코팅,FIXED,원/개,1,1,1,4330,4330,4330,4330,4330,0.000
N_표본부족,AQ2-320,수성 현수막원단 2코팅,FIXED,원/개,1,1,1,5140,5140,5140,5140,5140,0.000
N_표본부족,BUJIK-180,부직포,FIXED,원/개,1,1,1,3350,3350,3350,3350,3350,0.000
N_표본부족,ETC-CRANE,크레인 사용료,FIXED,원/개,1,1,1,850000,850000,850000,850000,850000,0.000
N_표본부족,ETC-REPAIR,장비수리(A/S),FIXED,원/개,1,1,1,800000,800000,800000,800000,800000,0.000
N_표본부족,FLEXN-100,비조명용 후렉스,FIXED,원/개,1,1,1,93000,93000,93000,93000,93000,0.000
N_표본부족,FMX-15T-W-48,포맥스 (브랜드 미상),FIXED,원/개,1,1,1,140000,140000,140000,140000,140000,0.000
N_표본부족,FMX-1T-W-48,포맥스 (브랜드 미상),FIXED,원/개,1,1,1,12000,12000,12000,12000,12000,0.000
N_표본부족,FMX-2T-W-36,포맥스 (브랜드 미상),FIXED,원/개,1,1,1,30000,30000,30000,30000,30000,0.000
N_표본부족,FMX-2T-W-48,포맥스 (브랜드 미상),FIXED,원/개,1,1,1,19000,19000,19000,19000,19000,0.000
N_표본부족,GDS-AIRSIGN,에어간판 완제품,FIXED,원/개,1,1,1,210000,210000,210000,210000,210000,0.000
N_표본부족,GDS-HDMGI,하도매기계(손기계),FIXED,원/개,1,1,1,29000,29000,29000,29000,29000,0.000
N_표본부족,GDS-OTB-GR,원터치배너 그레이,FIXED,원/개,1,1,1,7500,7500,7500,7500,7500,0.000
N_표본부족,HJ-MGILBO-P127,무광코팅지 일반엠보(45m/180g) 127폭,FIXED,원/개,1,1,1,114000,114000,114000,114000,114000,0.000
N_표본부족,HJ-YGILB-P60,유광코팅지 일반(45m/180g) 60폭,FIXED,원/개,1,1,1,102000,102000,102000,102000,102000,0.000
N_표본부족,HJ-YMSIDE-P127,양면코팅지(30m) 127폭,FIXED,원/개,1,1,1,99000,99000,99000,99000,99000,0.000
N_표본부족,JG-E26T-P60,E26T 유광(45m/200g) 60폭,FIXED,원/개,1,1,1,119000,119000,119000,119000,119000,0.000
N_표본부족,JG-JASU-S120X80,정기 자수 깃발 120×80,FIXED,원/개,1,1,1,390000,390000,390000,390000,390000,0.000
N_표본부족,KEL-060,켈 30M 호홍,FIXED,원/개,1,1,1,31000,31000,31000,31000,31000,0.000
N_표본부족,LB9534NH-122,농협 시트 LB9534NH(녹색),FIXED,원/개,1,1,1,1050000,1050000,1050000,1050000,1050000,0.000
N_표본부족,LB9661NH-122,농협 시트 LB9661NH(청색),FIXED,원/개,1,1,1,1050000,1050000,1050000,1050000,1050000,0.000
N_표본부족,MAG-060,고무자석시트,FIXED,원/개,1,1,1,54600,54600,54600,54600,54600,0.000
N_표본부족,MAG-100,고무자석시트,FIXED,원/개,1,1,1,113300,113300,113300,113300,113300,0.000
N_표본부족,MBG-6,민방위기 6호,FIXED,원/개,1,1,1,6500,6500,6500,6500,6500,0.000
N_표본부족,MBG-GDSET-8-R130-2,민방위기 깃대조립 SET 8호 R130 2구,FIXED,원/개,1,1,1,3700,3700,3700,3700,3700,0.000
N_표본부족,MIRROR-090,미러천,FIXED,원/개,1,1,1,1100,1100,1100,1100,1100,0.000
N_표본부족,NHG-7G,노인회기 7호 게양용,FIXED,원/개,1,1,1,5000,5000,5000,5000,5000,0.000
N_표본부족,PJ-BACKLIT-P90,수성 백릿-프라임 90폭,FIXED,원/개,1,1,1,87000,87000,87000,87000,87000,0.000
N_표본부족,PJ-KEL-P127,PVC(켈)-프라임 127폭,FIXED,원/개,1,1,1,99000,99000,99000,99000,99000,0.000
N_표본부족,PJ-KELGR-P127,PVC(켈) 그레이-프라임 127폭,FIXED,원/개,1,1,1,88000,88000,88000,88000,88000,0.000
N_표본부족,PJ-KELGR-P90,PVC(켈) 그레이-프라임 90폭,FIXED,원/개,1,1,1,90000,90000,90000,90000,90000,0.000
N_표본부족,PJ-PAT-P127,패트배너-프라임 127폭,FIXED,원/개,1,1,1,75000,75000,75000,75000,75000,0.000
N_표본부족,PONGE-095,폰지,FIXED,원/개,1,1,1,940,940,940,940,940,0.000
N_표본부족,RM-I0075,엡손솔벤잉크 80610 C,FIXED,원/개,1,1,1,85000,85000,85000,85000,85000,0.000
N_표본부족,RM-I0076,엡손솔벤잉크 80610 M,FIXED,원/개,1,1,1,85000,85000,85000,85000,85000,0.000
N_표본부족,RM-I0077,엡손솔벤잉크 80610 Y,FIXED,원/개,1,1,1,85000,85000,85000,85000,85000,0.000
N_표본부족,RM-I0078,엡손솔벤잉크 80610 K,FIXED,원/개,1,1,1,85000,85000,85000,85000,85000,0.000
N_표본부족,RM-I0079,엡손솔벤잉크 80610 Lc,FIXED,원/개,1,1,1,85000,85000,85000,85000,85000,0.000
N_표본부족,RM-I0080,엡손솔벤잉크 80610 Lm,FIXED,원/개,1,1,1,85000,85000,85000,85000,85000,0.000
N_표본부족,RM-I0081,엡손솔벤잉크 80610 Cl,FIXED,원/개,1,1,1,65000,65000,65000,65000,65000,0.000
N_표본부족,RM-I0085,엡손솔벤잉크 80610 W,FIXED,원/개,1,1,1,65000,65000,65000,65000,65000,0.000
N_표본부족,SGM-LED3-UPL,LED 3구 UPL,FIXED,원/개,1,1,1,480,480,480,480,480,0.000
N_표본부족,SGM-LEDF,LED형광등,FIXED,원/개,1,1,1,1300,1300,1300,1300,1300,0.000
N_표본부족,SK-2279,평면경관봉70mm마구리,FIXED,원/개,1,1,1,94000,94000,94000,94000,94000,0.000
N_표본부족,SMG-7,새마을기 7호,FIXED,원/개,1,1,1,2600,2600,2600,2600,2600,0.000
N_표본부족,SMG-GDSET-7-R150-3,새마을기 깃대조립 SET 7호 R150 3구,FIXED,원/개,1,1,1,5500,5500,5500,5500,5500,0.000
N_표본부족,SVB-040,솔벤 현수막,FIXED,원/개,1,1,1,650,650,650,650,650,0.000
N_표본부족,SVB-050,솔벤 현수막,FIXED,원/개,1,1,1,650,650,650,650,650,0.000
N_표본부족,SVB-060,솔벤 현수막,FIXED,원/개,1,1,1,650,650,650,650,650,0.000
N_표본부족,SVB-080,솔벤 현수막,FIXED,원/개,1,1,1,740,740,740,740,740,0.000
N_표본부족,SVB-110,솔벤 현수막,FIXED,원/개,1,1,1,1100,1100,1100,1100,1100,0.000
N_표본부족,SVB-200,솔벤 현수막,FIXED,원/개,1,1,1,2710,2710,2710,2710,2710,0.000
N_표본부족,SVM-060,솔벤 매쉬,FIXED,원/개,1,1,1,59800,59800,59800,59800,59800,0.000
N_표본부족,SVM-127,솔벤 매쉬,FIXED,원/개,1,1,1,117800,117800,117800,117800,117800,0.000
N_표본부족,SVT-250,솔벤 텐트천,FIXED,원/개,1,1,1,6070,6070,6070,6070,6070,0.000
N_표본부족,SVT-320,솔벤 텐트천,FIXED,원/개,1,1,1,7980,7980,7980,7980,7980,0.000
N_표본부족,SYN-060,합성지 30M 호홍,FIXED,원/개,1,1,1,26000,26000,26000,26000,26000,0.000
N_표본부족,SYN-152,합성지 30M 호홍,FIXED,원/개,1,1,1,75000,75000,75000,75000,75000,0.000
N_표본부족,SYN-IT-127,합성지 30M 잉크테크,FIXED,원/개,1,1,1,88000,88000,88000,88000,88000,0.000
N_표본부족,SYN-NA-127,비점착 합성지 30M 호홍,FIXED,원/개,1,1,1,49000,49000,49000,49000,49000,0.000
N_표본부족,TENT-090,수성 텐트천,FIXED,원/개,1,1,1,1600,1600,1600,1600,1600,0.000
N_표본부족,TGK-GDSET-7-1-R120-3,태극기 깃대조립 SET 7호-1 R120 3구,FIXED,원/개,1,1,1,5500,5500,5500,5500,5500,0.000
N_표본부족,TGK-GDSET-7-1-R150-2,태극기 깃대조립 SET 7호-1 R150 2구,FIXED,원/개,1,1,1,4700,4700,4700,4700,4700,0.000
N_표본부족,TGK-GDSET-8-R150-2,태극기 깃대조립 SET 8호 R150 2구,FIXED,원/개,1,1,1,4800,4800,4800,4800,4800,0.000
N_표본부족,TRB-ME-150,전사 가로등배너 매쉬 60×150,FIXED,원/개,1,1,1,5000,5000,5000,5000,5000,0.000
N_표본부족,ULTRA-BOJO-100,울트라 보조시트,FIXED,원/개,1,1,1,125000,125000,125000,125000,125000,0.000
N_표본부족,ULTRA-CAL-100,울트라 칼라시트,FIXED,원/개,1,1,1,87000,87000,87000,87000,87000,0.000
X_이력없음,AQ2-045,수성 현수막원단 2코팅,FIXED,,0,0,0,,,,,,
X_이력없음,AQ2-095,수성 현수막원단 2코팅,FIXED,,0,0,0,,,,,,
X_이력없음,AQ2-200,수성 현수막원단 2코팅,FIXED,,0,0,0,,,,,,
X_이력없음,AQ-KELG,수성 켈 그레이,AREA,,0,0,0,,,,,,
X_이력없음,KELG-060,켈그레이 30M 호홍,FIXED,,0,0,0,,,,,,
X_이력없음,KELG-152,켈그레이 30M 호홍,FIXED,,0,0,0,,,,,,
X_이력없음,SYNG-060,합성지그레이 30M 호홍,FIXED,,0,0,0,,,,,,
X_이력없음,SYNG-090,합성지그레이 30M 호홍,FIXED,,0,0,0,,,,,,
X_이력없음,SYNG-127,합성지그레이 30M 호홍,FIXED,,0,0,0,,,,,,
X_이력없음,SYNG-152,합성지그레이 30M 호홍,FIXED,,0,0,0,,,,,,
X_이력없음,TENT-127,수성 텐트천,FIXED,,0,0,0,,,,,,
X_이력없음,TENT-152,수성 텐트천,FIXED,,0,0,0,,,,,,
X_이력없음,TENT-180,수성 텐트천,FIXED,,0,0,0,,,,,,
X_이력없음,FLEXL-100,조명용 후렉스,FIXED,,0,0,0,,,,,,
X_이력없음,FLEXL-110,조명용 후렉스,FIXED,,0,0,0,,,,,,
X_이력없음,FLEXL-120,조명용 후렉스,FIXED,,0,0,0,,,,,,
X_이력없음,FLEXL-150,조명용 후렉스,FIXED,,0,0,0,,,,,,
X_이력없음,FLEXL-160,조명용 후렉스,FIXED,,0,0,0,,,,,,
X_이력없음,FLEXL-180,조명용 후렉스,FIXED,,0,0,0,,,,,,
X_이력없음,FLEXL-200,조명용 후렉스,FIXED,,0,0,0,,,,,,
X_이력없음,FLEXL-220,조명용 후렉스,FIXED,,0,0,0,,,,,,
X_이력없음,FLEXL-250,조명용 후렉스,FIXED,,0,0,0,,,,,,
X_이력없음,FLEXL-260,조명용 후렉스,FIXED,,0,0,0,,,,,,
X_이력없음,FLEXL-320,조명용 후렉스,FIXED,,0,0,0,,,,,,
X_이력없음,FLEXN-110,비조명용 후렉스,FIXED,,0,0,0,,,,,,
X_이력없음,FLEXN-120,비조명용 후렉스,FIXED,,0,0,0,,,,,,
X_이력없음,FLEXN-150,비조명용 후렉스,FIXED,,0,0,0,,,,,,
X_이력없음,FLEXN-160,비조명용 후렉스,FIXED,,0,0,0,,,,,,
X_이력없음,FLEXN-180,비조명용 후렉스,FIXED,,0,0,0,,,,,,
X_이력없음,FLEXN-200,비조명용 후렉스,FIXED,,0,0,0,,,,,,
X_이력없음,FLEXN-220,비조명용 후렉스,FIXED,,0,0,0,,,,,,
X_이력없음,FLEXN-250,비조명용 후렉스,FIXED,,0,0,0,,,,,,
X_이력없음,FLEXN-320,비조명용 후렉스,FIXED,,0,0,0,,,,,,
X_이력없음,FLEXD-137,양면배너 후렉스,FIXED,,0,0,0,,,,,,
X_이력없음,SVB-070,솔벤 현수막,FIXED,,0,0,0,,,,,,
X_이력없음,SVB-180,솔벤 현수막,FIXED,,0,0,0,,,,,,
X_이력없음,SPM022G-137,그레이시트 SPM022G,FIXED,,0,0,0,,,,,,
X_이력없음,SPM022G-152,그레이시트 SPM022G,FIXED,,0,0,0,,,,,,
X_이력없음,PONGE-085,폰지,FIXED,,0,0,0,,,,,,
X_이력없음,SATIN-155,샤틴,FIXED,,0,0,0,,,,,,
X_이력없음,MESH-127,매쉬,FIXED,,0,0,0,,,,,,
X_이력없음,MESH-160,매쉬,FIXED,,0,0,0,,,,,,
X_이력없음,MJG-7,무재해기 7호,FIXED,,0,0,0,,,,,,
X_이력없음,SVM-137,솔벤 매쉬,FIXED,,0,0,0,,,,,,
X_이력없음,SVM-160,솔벤 매쉬,FIXED,,0,0,0,,,,,,
X_이력없음,SVM-180,솔벤 매쉬,FIXED,,0,0,0,,,,,,
X_이력없음,SVM-200,솔벤 매쉬,FIXED,,0,0,0,,,,,,
X_이력없음,SVM-220,솔벤 매쉬,FIXED,,0,0,0,,,,,,
X_이력없음,SVM-250,솔벤 매쉬,FIXED,,0,0,0,,,,,,
X_이력없음,SVM-320,솔벤 매쉬,FIXED,,0,0,0,,,,,,
X_이력없음,UV-JJN-15T,UV 자작나무 15t,AREA,,0,0,0,,,,,,
X_이력없음,UV-JJN-18T,UV 자작나무 18t,AREA,,0,0,0,,,,,,
X_이력없음,JJN-06T,자작나무,FIXED,,0,0,0,,,,,,
X_이력없음,JJN-09T,자작나무,FIXED,,0,0,0,,,,,,
X_이력없음,JJN-12T,자작나무,FIXED,,0,0,0,,,,,,
X_이력없음,JJN-15T,자작나무,FIXED,,0,0,0,,,,,,
X_이력없음,JJN-18T,자작나무,FIXED,,0,0,0,,,,,,
X_이력없음,UV-WRAP,UV 랩핑시트,AREA,,0,0,0,,,,,,
X_이력없음,CLEAR-152,클리어필름,FIXED,,0,0,0,,,,,,
X_이력없음,PDK-J137,뽀닥시트 직물형,FIXED,,0,0,0,,,,,,
X_이력없음,PDK-F137,뽀닥시트 호일형,FIXED,,0,0,0,,,,,,
X_이력없음,PRM-W094,프리즘반사시트 백색,FIXED,,0,0,0,,,,,,
X_이력없음,PRM-W122,프리즘반사시트 백색,FIXED,,0,0,0,,,,,,
X_이력없음,PRM-Y094,프리즘반사시트 노랑,FIXED,,0,0,0,,,,,,
X_이력없음,PRM-Y122,프리즘반사시트 노랑,FIXED,,0,0,0,,,,,,
X_이력없음,UV-PRM-Y,UV 고휘도반사 노랑,AREA,,0,0,0,,,,,,
X_이력없음,SPC031G-105,투명시트 SPC031G,FIXED,,0,0,0,,,,,,
X_이력없음,SPC031G-137,투명시트 SPC031G,FIXED,,0,0,0,,,,,,
X_이력없음,SPC031G-152,투명시트 SPC031G,FIXED,,0,0,0,,,,,,
X_이력없음,JMS-GEN,조명시트,FIXED,,0,0,0,,,,,,
X_이력없음,BUJIK-152,부직포,FIXED,,0,0,0,,,,,,
X_이력없음,BKLT-AQ-090,수성 백릿-호홍,FIXED,,0,0,0,,,,,,
X_이력없음,BKLT-AQ-150,수성 백릿-호홍,FIXED,,0,0,0,,,,,,
X_이력없음,SV-PATB,솔벤 패트배너,AREA,,0,0,0,,,,,,
X_이력없음,TRW-PO,전사 윈드배너 폰지,AREA,,0,0,0,,,,,,
X_이력없음,TRW-ME,전사 윈드배너 매쉬,AREA,,0,0,0,,,,,,
X_이력없음,TRWK-PO,전사 워킹배너 폰지,AREA,,0,0,0,,,,,,
X_이력없음,TRWK-ME,전사 워킹배너 매쉬,AREA,,0,0,0,,,,,,
X_이력없음,NAT-060,나투라 솔벤패트,FIXED,,0,0,0,,,,,,
X_이력없음,ACC-016,윈드배너 부품(크로스/베이스),FIXED,,0,0,0,,,,,,
X_이력없음,ACC-019,윈드배너 폴세트,FIXED,,0,0,0,,,,,,
X_이력없음,ACC-020,패트배너 거치대,FIXED,,0,0,0,,,,,,
X_이력없음,ACC-021,가로등배너대(마개/클램프),FIXED,,0,0,0,,,,,,
X_이력없음,ACC-022,윈드배너 스파이크,FIXED,,0,0,0,,,,,,
X_이력없음,ACC-027,실외 철제배너 물통SET(TSO),FIXED,,0,0,0,,,,,,
X_이력없음,UV-FMX-3T-B,UV 포맥스 3T 검정,AREA,,0,0,0,,,,,,
X_이력없음,UV-FMX-10T-B,UV 포맥스 10T 검정,AREA,,0,0,0,,,,,,
X_이력없음,UV-ACR-2T-B,UV 아크릴 2T 검정,AREA,,0,0,0,,,,,,
X_이력없음,FMX-2T-B-36,포맥스,FIXED,,0,0,0,,,,,,
X_이력없음,FMX-2T-B-48,포맥스,FIXED,,0,0,0,,,,,,
X_이력없음,FMX-3T-W-36,포맥스,FIXED,,0,0,0,,,,,,
X_이력없음,FMX-3T-B-36,포맥스,FIXED,,0,0,0,,,,,,
X_이력없음,FMX-3T-B-48,포맥스,FIXED,,0,0,0,,,,,,
X_이력없음,FMX-5T-W-36,포맥스,FIXED,,0,0,0,,,,,,
X_이력없음,FMX-5T-B-36,포맥스,FIXED,,0,0,0,,,,,,
X_이력없음,FMX-5T-B-48,포맥스,FIXED,,0,0,0,,,,,,
X_이력없음,FMX-8T-W-36,포맥스,FIXED,,0,0,0,,,,,,
X_이력없음,FMX-8T-W-48,포맥스,FIXED,,0,0,0,,,,,,
X_이력없음,FMX-8T-B-36,포맥스,FIXED,,0,0,0,,,,,,
X_이력없음,FMX-8T-B-48,포맥스,FIXED,,0,0,0,,,,,,
X_이력없음,FMX-10T-W-36,포맥스,FIXED,,0,0,0,,,,,,
X_이력없음,FMX-10T-W-48,포맥스,FIXED,,0,0,0,,,,,,
X_이력없음,FMX-10T-B-36,포맥스,FIXED,,0,0,0,,,,,,
X_이력없음,FMX-10T-B-48,포맥스,FIXED,,0,0,0,,,,,,
X_이력없음,ACR-2T-W-48,아크릴,FIXED,,0,0,0,,,,,,
X_이력없음,ACR-2T-B-48,아크릴,FIXED,,0,0,0,,,,,,
X_이력없음,ACR-2T-C-48,아크릴,FIXED,,0,0,0,,,,,,
X_이력없음,ACR-3T-W-48,아크릴,FIXED,,0,0,0,,,,,,
X_이력없음,ACR-3T-B-48,아크릴,FIXED,,0,0,0,,,,,,
X_이력없음,ACR-3T-C-48,아크릴,FIXED,,0,0,0,,,,,,
X_이력없음,ACR-5T-W-48,아크릴,FIXED,,0,0,0,,,,,,
X_이력없음,ACR-5T-B-48,아크릴,FIXED,,0,0,0,,,,,,
X_이력없음,ACR-5T-C-48,아크릴,FIXED,,0,0,0,,,,,,
X_이력없음,SKS-10T-W-36,스카시,FIXED,,0,0,0,,,,,,
X_이력없음,SKS-10T-B-36,스카시,FIXED,,0,0,0,,,,,,
X_이력없음,SKS-20T-W-36,스카시,FIXED,,0,0,0,,,,,,
X_이력없음,SKS-20T-B-36,스카시,FIXED,,0,0,0,,,,,,
X_이력없음,SKS-30T-W-36,스카시,FIXED,,0,0,0,,,,,,
X_이력없음,SKS-30T-B-36,스카시,FIXED,,0,0,0,,,,,,
X_이력없음,PC-2T-M-48,광확산PC,FIXED,,0,0,0,,,,,,
X_이력없음,PC-3T-M-48,광확산PC,FIXED,,0,0,0,,,,,,
X_이력없음,ACC-036,수기대(깃대),FIXED,,0,0,0,,,,,,
X_이력없음,ACC-041,황금봉,FIXED,,0,0,0,,,,,,
X_이력없음,ACC-044,멕기,FIXED,,0,0,0,,,,,,
X_이력없음,JG-JASU,정기 자수 깃발,FIXED,,0,0,0,,,,,,
X_이력없음,TGK-JASU,태극기 정기자수 깃발,FIXED,,0,0,0,,,,,,
X_이력없음,GJG-JASU,근조기 자수 깃발,FIXED,,0,0,0,,,,,,
X_이력없음,JG-BONYEOM,정기 본염 깃발,FIXED,,0,0,0,,,,,,
X_이력없음,HTF-095,열전사원단,FIXED,,0,0,0,,,,,,
X_이력없음,GFB-01,그라스화이바,FIXED,,0,0,0,,,,,,
X_이력없음,WDS-01,각목,FIXED,,0,0,0,,,,,,
X_이력없음,GDS-LRF,좌우보필형 액자,FIXED,,0,0,0,,,,,,
X_이력없음,GDS-A3M,A3 자석액자(테이프부착),FIXED,,0,0,0,,,,,,
X_이력없음,GDS-FB2,국기함 중급형,FIXED,,0,0,0,,,,,,
X_이력없음,GDS-ZIP,거리용 지퍼가방,FIXED,,0,0,0,,,,,,
X_이력없음,SGM-SMPS,외부용 SMPS(방수),FIXED,,0,0,0,,,,,,
X_이력없음,JG-E4,E4 엠보 무광(45m/200g),FIXED,,0,0,0,,,,,,
X_이력없음,JG-E4-P90,E4 엠보 무광(45m/200g) 90폭,FIXED,,0,0,0,,,,,,
X_이력없음,JG-E4-P152,E4 엠보 무광(45m/200g) 152폭,FIXED,,0,0,0,,,,,,
X_이력없음,JG-E26T,E26T 유광(45m/200g),FIXED,,0,0,0,,,,,,
X_이력없음,JG-E26T-P90,E26T 유광(45m/200g) 90폭,FIXED,,0,0,0,,,,,,
X_이력없음,JG-E26T-P127,E26T 유광(45m/200g) 127폭,FIXED,,0,0,0,,,,,,
X_이력없음,JG-E26T-P152,E26T 유광(45m/200g) 152폭,FIXED,,0,0,0,,,,,,
X_이력없음,JG-NJ4,NJ4 엠보 무광(45m/180g),FIXED,,0,0,0,,,,,,
X_이력없음,JG-NJ4-P60,NJ4 엠보 무광(45m/180g) 60폭,FIXED,,0,0,0,,,,,,
X_이력없음,JG-NJ4-P90,NJ4 엠보 무광(45m/180g) 90폭,FIXED,,0,0,0,,,,,,
X_이력없음,JG-NJ4-P127,NJ4 엠보 무광(45m/180g) 127폭,FIXED,,0,0,0,,,,,,
X_이력없음,JG-NJ4-P152,NJ4 엠보 무광(45m/180g) 152폭,FIXED,,0,0,0,,,,,,
X_이력없음,JG-A26,A26 양면코팅지(30m),FIXED,,0,0,0,,,,,,
X_이력없음,JG-A26-P90,A26 양면코팅지(30m) 90폭,FIXED,,0,0,0,,,,,,
X_이력없음,JG-A26-P127,A26 양면코팅지(30m) 127폭,FIXED,,0,0,0,,,,,,
X_이력없음,JG-C4,C4 엠보UV 무광(200g),FIXED,,0,0,0,,,,,,
X_이력없음,JG-C4-P127,C4 엠보UV 무광(200g) 127폭,FIXED,,0,0,0,,,,,,
X_이력없음,JG-C4-P152,C4 엠보UV 무광(200g) 152폭,FIXED,,0,0,0,,,,,,
X_이력없음,JG-E16,E16 완전무지(200g),FIXED,,0,0,0,,,,,,
X_이력없음,JG-E16-P90,E16 완전무지(200g) 90폭,FIXED,,0,0,0,,,,,,
X_이력없음,JG-E16-P127,E16 완전무지(200g) 127폭,FIXED,,0,0,0,,,,,,
X_이력없음,JG-E2,E2 캔버스(200g),FIXED,,0,0,0,,,,,,
X_이력없음,JG-E2-P60,E2 캔버스(200g) 60폭,FIXED,,0,0,0,,,,,,
X_이력없음,JG-E2-P127,E2 캔버스(200g) 127폭,FIXED,,0,0,0,,,,,,
X_이력없음,JG-JD61,자동용 코팅지 엠보(61m/120g),FIXED,,0,0,0,,,,,,
X_이력없음,JG-JD61-P90,자동용 코팅지 엠보(61m/120g) 90폭,FIXED,,0,0,0,,,,,,
X_이력없음,JG-JD61-P127,자동용 코팅지 엠보(61m/120g) 127폭,FIXED,,0,0,0,,,,,,
X_이력없음,JG-JD45,자동용 코팅지 엠보(45m/120g),FIXED,,0,0,0,,,,,,
X_이력없음,JG-JD45-P152,자동용 코팅지 엠보(45m/120g) 152폭,FIXED,,0,0,0,,,,,,
X_이력없음,JG-BYADAK,바닥용 코팅지,FIXED,,0,0,0,,,,,,
X_이력없음,JG-WBOARD,화이트보드코팅지,FIXED,,0,0,0,,,,,,
X_이력없음,HJ-YMSIDE,양면코팅지(30m),FIXED,,0,0,0,,,,,,
X_이력없음,HJ-MGILBO,무광코팅지 일반엠보(45m/180g),FIXED,,0,0,0,,,,,,
X_이력없음,HJ-MGILBO-P90,무광코팅지 일반엠보(45m/180g) 90폭,FIXED,,0,0,0,,,,,,
X_이력없음,HJ-MGILBO-P152,무광코팅지 일반엠보(45m/180g) 152폭,FIXED,,0,0,0,,,,,,
X_이력없음,HJ-MGAUTOB,무광코팅지 자동엠보 보급형(61m/120g),FIXED,,0,0,0,,,,,,
X_이력없음,HJ-MGAUTOB-P90,무광코팅지 자동엠보 보급형(61m/120g) 90폭,FIXED,,0,0,0,,,,,,
X_이력없음,HJ-MGAUTO,무광코팅지 자동엠보(45m/120g),FIXED,,0,0,0,,,,,,
X_이력없음,HJ-MGAUTO-P60,무광코팅지 자동엠보(45m/120g) 60폭,FIXED,,0,0,0,,,,,,
X_이력없음,HJ-MGAUTO-P90,무광코팅지 자동엠보(45m/120g) 90폭,FIXED,,0,0,0,,,,,,
X_이력없음,HJ-MGAUTO-P127,무광코팅지 자동엠보(45m/120g) 127폭,FIXED,,0,0,0,,,,,,
X_이력없음,HJ-MGAUTO-P152,무광코팅지 자동엠보(45m/120g) 152폭,FIXED,,0,0,0,,,,,,
X_이력없음,HJ-UVEMB,UV엠보(45m/180g),FIXED,,0,0,0,,,,,,
X_이력없음,HJ-UVEMB-P90,UV엠보(45m/180g) 90폭,FIXED,,0,0,0,,,,,,
X_이력없음,HJ-UVEMB-P127,UV엠보(45m/180g) 127폭,FIXED,,0,0,0,,,,,,
X_이력없음,HJ-UVEMB-P152,UV엠보(45m/180g) 152폭,FIXED,,0,0,0,,,,,,
X_이력없음,HJ-YGAUTO,유광코팅지 자동(45m/120g),FIXED,,0,0,0,,,,,,
X_이력없음,HJ-YGAUTO-P60,유광코팅지 자동(45m/120g) 60폭,FIXED,,0,0,0,,,,,,
X_이력없음,HJ-YGAUTO-P90,유광코팅지 자동(45m/120g) 90폭,FIXED,,0,0,0,,,,,,
X_이력없음,HJ-YGAUTO-P127,유광코팅지 자동(45m/120g) 127폭,FIXED,,0,0,0,,,,,,
X_이력없음,HJ-YGAUTO-P152,유광코팅지 자동(45m/120g) 152폭,FIXED,,0,0,0,,,,,,
X_이력없음,HJ-YGILB,유광코팅지 일반(45m/180g),FIXED,,0,0,0,,,,,,
X_이력없음,HJ-YGILB-P90,유광코팅지 일반(45m/180g) 90폭,FIXED,,0,0,0,,,,,,
X_이력없음,HJ-YGILB-P127,유광코팅지 일반(45m/180g) 127폭,FIXED,,0,0,0,,,,,,
X_이력없음,HJ-YGILB-P152,유광코팅지 일반(45m/180g) 152폭,FIXED,,0,0,0,,,,,,
X_이력없음,HJ-UVYG,UV유광(45m/180g),FIXED,,0,0,0,,,,,,
X_이력없음,HJ-UVYG-P90,UV유광(45m/180g) 90폭,FIXED,,0,0,0,,,,,,
X_이력없음,HJ-UVYG-P127,UV유광(45m/180g) 127폭,FIXED,,0,0,0,,,,,,
X_이력없음,HJ-UVYG-P152,UV유광(45m/180g) 152폭,FIXED,,0,0,0,,,,,,
X_이력없음,HJ-BADAK,바닥용코팅지(30m),FIXED,,0,0,0,,,,,,
X_이력없음,PJ-HAP,합성지-프라임,FIXED,,0,0,0,,,,,,
X_이력없음,PJ-HAP-P90,합성지-프라임 90폭,FIXED,,0,0,0,,,,,,
X_이력없음,PJ-HAP-P152,합성지-프라임 152폭,FIXED,,0,0,0,,,,,,
X_이력없음,PJ-HAPGR,합성지 그레이-프라임,FIXED,,0,0,0,,,,,,
X_이력없음,PJ-HAPGR-P90,합성지 그레이-프라임 90폭,FIXED,,0,0,0,,,,,,
X_이력없음,PJ-HAPGR-P127,합성지 그레이-프라임 127폭,FIXED,,0,0,0,,,,,,
X_이력없음,PJ-HAPGR-P152,합성지 그레이-프라임 152폭,FIXED,,0,0,0,,,,,,
X_이력없음,PJ-KEL,PVC(켈)-프라임,FIXED,,0,0,0,,,,,,
X_이력없음,PJ-KEL-P90,PVC(켈)-프라임 90폭,FIXED,,0,0,0,,,,,,
X_이력없음,PJ-KEL-P152,PVC(켈)-프라임 152폭,FIXED,,0,0,0,,,,,,
X_이력없음,PJ-KELGR,PVC(켈) 그레이-프라임,FIXED,,0,0,0,,,,,,
X_이력없음,PJ-PAT,패트배너-프라임,FIXED,,0,0,0,,,,,,
X_이력없음,PJ-PAT-P90,패트배너-프라임 90폭,FIXED,,0,0,0,,,,,,
X_이력없음,PJ-PAT-P152,패트배너-프라임 152폭,FIXED,,0,0,0,,,,,,
X_이력없음,PJ-BACKLIT,수성 백릿-프라임,FIXED,,0,0,0,,,,,,
X_이력없음,PJ-BACKLIT-P127,수성 백릿-프라임 127폭,FIXED,,0,0,0,,,,,,
X_이력없음,PJ-BACKLIT-P152,수성 백릿-프라임 152폭,FIXED,,0,0,0,,,,,,
X_이력없음,TGK-JASU-S135X90,태극기 정기자수 깃발 135×90,FIXED,,0,0,0,,,,,,
X_이력없음,TGK-JASU-S120X80,태극기 정기자수 깃발 120×80,FIXED,,0,0,0,,,,,,
X_이력없음,GJG-JASU-S110X75,근조기 자수 깃발 110×75,FIXED,,0,0,0,,,,,,
X_이력없음,ACC-035-P-2,깃대 꽂이 P형 2구,FIXED,,0,0,0,,,,,,
X_이력없음,ACC-035-R-1,깃대 꽂이 R형 1구,FIXED,,0,0,0,,,,,,
X_이력없음,ACC-035-R-2,깃대 꽂이 R형 2구,FIXED,,0,0,0,,,,,,
X_이력없음,ACC-045-5-G,아일렛 5호 금,FIXED,,0,0,0,,,,,,
X_이력없음,ACC-045-9-G,아일렛 9호 금,FIXED,,0,0,0,,,,,,
X_이력없음,ACC-047-AP,큐방 압축 40파이,FIXED,,0,0,0,,,,,,
X_이력없음,ACC-029-BK,까치발 흑색,FIXED,,0,0,0,,,,,,
X_이력없음,ACC-029-WH,까치발 백색,FIXED,,0,0,0,,,,,,
X_이력없음,ACC-029-PT,까치발 도색,FIXED,,0,0,0,,,,,,
X_이력없음,TRWK-PO-F,전사 워킹배너 폰지 F형,AREA,,0,0,0,,,,,,
X_이력없음,TRWK-PO-H,전사 워킹배너 폰지 H형,AREA,,0,0,0,,,,,,
X_이력없음,TRWK-ME-F,전사 워킹배너 매쉬 F형,AREA,,0,0,0,,,,,,
X_이력없음,TRWK-ME-H,전사 워킹배너 매쉬 H형,AREA,,0,0,0,,,,,,
X_이력없음,RM-I0082,엡손솔벤잉크 80610 Lk,FIXED,,0,0,0,,,,,,
X_이력없음,RM-I0083,엡손솔벤잉크 80610 Or,FIXED,,0,0,0,,,,,,
X_이력없음,RM-I0084,엡손솔벤잉크 80610 Rd,FIXED,,0,0,0,,,,,,
X_이력없음,LDJ90DF-122,조도향상시트 LDJ90DF,FIXED,,0,0,0,,,,,,
X_이력없음,LC6772G-122,리무브시트 LC6772G,FIXED,,0,0,0,,,,,,
X_이력없음,AQD-070,수성 현수막원단 저밀도,FIXED,,0,0,0,,,,,,
X_이력없음,KEL-IT-127,켈 30M 잉크테크,FIXED,,0,0,0,,,,,,
X_이력없음,SV-PATB-NAT,솔벤 패트배너 나투라,AREA,,0,0,0,,,,,,
X_이력없음,PAT-IT-127,패트배너 30M 잉크테크,FIXED,,0,0,0,,,,,,
X_이력없음,PAT-IT-152,패트배너 30M 잉크테크,FIXED,,0,0,0,,,,,,
X_이력없음,RM-I0005-ITP,수성잉크 잉크테크 LC 개별포장,FIXED,,0,0,0,,,,,,
X_이력없음,RM-I0006-ITP,수성잉크 잉크테크 LM 개별포장,FIXED,,0,0,0,,,,,,
X_이력없음,LGSHT-122,켈시트 LA9423NH,FIXED,,0,0,0,,,,,,
X_이력없음,UV-PC-1.8T-M,UV 광확산PC 1.8T 유백,AREA,,0,0,0,,,,,,
X_이력없음,PAT-BO-127,블랙아웃 패트,FIXED,,0,0,0,,,,,,
X_이력없음,ALM-2T-BK-48,알마이트 2T 검정,FIXED,,0,0,0,,,,,,
X_이력없음,KEL-IT-090,켈 30M 잉크테크,FIXED,,0,0,0,,,,,,
X_이력없음,KELG-IT-090,켈그레이 30M 잉크테크,FIXED,,0,0,0,,,,,,
X_이력없음,KELG-IT-127,켈그레이 30M 잉크테크,FIXED,,0,0,0,,,,,,
X_이력없음,MCN140-CO-090,무광코팅지 일반(45m/140g)-코인텍,FIXED,,0,0,0,,,,,,
X_이력없음,KELG-AN-090,PVC(켈) 그레이(30m)-아누코,FIXED,,0,0,0,,,,,,
X_이력없음,SYN-AN-090,합성지(30m)-아누코,FIXED,,0,0,0,,,,,,
X_이력없음,SYNG-AN-090,합성지 그레이(30m)-아누코,FIXED,,0,0,0,,,,,,
X_이력없음,BKLT-AN-090,백릿(30m)-아누코,FIXED,,0,0,0,,,,,,
X_이력없음,KEL-AN-152,PVC(켈)(30m)-아누코,FIXED,,0,0,0,,,,,,
X_이력없음,SYNG-AN-127,합성지 그레이(30m)-아누코,FIXED,,0,0,0,,,,,,
X_이력없음,KEL-AN-060,PVC(켈)(30m)-아누코,FIXED,,0,0,0,,,,,,
X_이력없음,SYN-AN-060,합성지(30m)-아누코,FIXED,,0,0,0,,,,,,
X_이력없음,KEL-AN-127,PVC(켈)(30m)-아누코,FIXED,,0,0,0,,,,,,
X_이력없음,KELG-AN-060,PVC(켈) 그레이(30m)-아누코,FIXED,,0,0,0,,,,,,
X_이력없음,KELG-AN-127,PVC(켈) 그레이(30m)-아누코,FIXED,,0,0,0,,,,,,
X_이력없음,KELG-AN-152,PVC(켈) 그레이(30m)-아누코,FIXED,,0,0,0,,,,,,
X_이력없음,PAT-AN-060,패트배너(30m)-아누코,FIXED,,0,0,0,,,,,,
X_이력없음,BKLT-AN-127,백릿(30m)-아누코,FIXED,,0,0,0,,,,,,
X_이력없음,PAT-AN-090,패트배너(30m)-아누코,FIXED,,0,0,0,,,,,,
X_이력없음,PAT-AN-152,패트배너(30m)-아누코,FIXED,,0,0,0,,,,,,
X_이력없음,AQD-040,수성 현수막원단 저밀도,FIXED,,0,0,0,,,,,,
X_이력없음,ACC-047-AP-73,큐방 압축 73파이 차량용,FIXED,,0,0,0,,,,,,
X_이력없음,MCFLOOR-127,무광 바닥코팅(사선)-호홍,FIXED,,0,0,0,,,,,,
X_이력없음,ACC-029-350,까치발 350mm,FIXED,,0,0,0,,,,,,
X_이력없음,ACC-029-500,까치발 500mm,FIXED,,0,0,0,,,,,,
X_이력없음,ACC-029-1800,까치발 1800mm,FIXED,,0,0,0,,,,,,
X_이력없음,ACC-029-1900,까치발 1900mm,FIXED,,0,0,0,,,,,,
X_이력없음,ACC-036-L40,수기대(깃대) 40cm,FIXED,,0,0,0,,,,,,
X_이력없음,ACC-036-L50,수기대(깃대) 50cm,FIXED,,0,0,0,,,,,,
X_이력없음,ACC-036-L60,수기대(깃대) 60cm,FIXED,,0,0,0,,,,,,
X_이력없음,ACC-030-R120-3,가로기 깃대(조립) R120 3구,FIXED,,0,0,0,,,,,,
X_이력없음,TROPICAL-070,트로피칼,FIXED,,0,0,0,,,,,,
X_이력없음,TROPICAL-090,트로피칼,FIXED,,0,0,0,,,,,,
X_이력없음,SATIN300-155,300D 무연새틴,FIXED,,0,0,0,,,,,,
X_이력없음,SVAT-137,솔벤 에어탑,FIXED,,0,0,0,,,,,,
X_이력없음,ECB-G-090,친환경 현수막원단 GRS,FIXED,,0,0,0,,,,,,
X_이력없음,ACC-041-GA,가로봉,FIXED,,0,0,0,,,,,,
X_이력없음,ACC-041-SU,수기봉,FIXED,,0,0,0,,,,,,
X_이력없음,ACC-041-AG,애기봉,FIXED,,0,0,0,,,,,,
X_이력없음,SGM-KIV-W15,KIV 전선 1.5sq,FIXED,,0,0,0,,,,,,
X_이력없음,SGM-KIV-W25,KIV 전선 2.5sq,FIXED,,0,0,0,,,,,,
X_이력없음,SGM-KIV-W40,KIV 전선 4.0sq,FIXED,,0,0,0,,,,,,
X_이력없음,KEL-SV50-127,무광 솔벤 켈 50M,FIXED,,0,0,0,,,,,,
X_이력없음,CLEAR-RM-127,솔벤 클리어필름 리무벌 30M,FIXED,,0,0,0,,,,,,
X_이력없음,SGM-LEDP-EM-BW,LED투광기 매립용 검정/전구,FIXED,,0,0,0,,,,,,
X_이력없음,ACC-045-12P-S,아일렛 12파이 은 (TS전용),FIXED,,0,0,0,,,,,,
X_이력없음,KMT-IRON-BLADE,즉열인두기 칼날 TS-A1,FIXED,,0,0,0,,,,,,
X_이력없음,GDS-EQ-EYEPUNCH,자동 아일렛펀칭기,FIXED,,0,0,0,,,,,,
X_이력없음,AQ0-090,수성 현수막원단 보급,FIXED,,0,0,0,,,,,,
X_이력없음,SGM-BOARD-B80,간판 후판 80cm,FIXED,,0,0,0,,,,,,
X_이력없음,SGM-BOARD-B140,간판 후판 140cm,FIXED,,0,0,0,,,,,,
X_이력없음,SGM-IPB100-GD,입체바 1.0T 100mm 금색,FIXED,,0,0,0,,,,,,
X_이력없음,SGM-IPB100-GN,입체바 1.0T 100mm 녹색,FIXED,,0,0,0,,,,,,
X_이력없음,SGM-IPB100-BR,입체바 1.0T 100mm 밤색,FIXED,,0,0,0,,,,,,
X_이력없음,SGM-IPB100-YG,입체바 1.0T 100mm 연두,FIXED,,0,0,0,,,,,,
X_이력없음,SGM-IPB100-LB,입체바 1.0T 100mm 연청색,FIXED,,0,0,0,,,,,,
X_이력없음,SGM-IPB100-LP,입체바 1.0T 100mm 연핑크,FIXED,,0,0,0,,,,,,
X_이력없음,SGM-IPB100-RD,입체바 1.0T 100mm 적색,FIXED,,0,0,0,,,,,,
X_이력없음,SGM-IPB100-OR,입체바 1.0T 100mm 주황색,FIXED,,0,0,0,,,,,,
X_이력없음,SGM-IPB100-NB,입체바 1.0T 100mm 진청색,FIXED,,0,0,0,,,,,,
X_이력없음,SGM-IPB100-DP,입체바 1.0T 100mm 진핑크,FIXED,,0,0,0,,,,,,
X_이력없음,SGM-IPB100-DG,입체바 1.0T 100mm 진회색,FIXED,,0,0,0,,,,,,
X_이력없음,SGM-IPB100-YL,입체바 1.0T 100mm 황색,FIXED,,0,0,0,,,,,,
X_이력없음,SGM-IPB-GD,입체바 금색,FIXED,,0,0,0,,,,,,
X_이력없음,SGM-IPB-YG,입체바 연두,FIXED,,0,0,0,,,,,,
X_이력없음,SGM-IPB-LP,입체바 연핑크,FIXED,,0,0,0,,,,,,
X_이력없음,SGM-SMPSI-W100,실내용 SMPS(비방수) 100wt,FIXED,,0,0,0,,,,,,
X_이력없음,SGM-SMPSI-W150,실내용 SMPS(비방수) 150wt,FIXED,,0,0,0,,,,,,
X_이력없음,SGM-SMPSI-W200,실내용 SMPS(비방수) 200wt,FIXED,,0,0,0,,,,,,
X_이력없음,SGM-SMPSI-W350,실내용 SMPS(비방수) 350wt,FIXED,,0,0,0,,,,,,
X_이력없음,SGM-SMPSI-W600,실내용 SMPS(비방수) 600wt,FIXED,,0,0,0,,,,,,
X_이력없음,SGM-SMPSI-W1000,실내용 SMPS(비방수) 1000wt,FIXED,,0,0,0,,,,,,
X_이력없음,SGM-SMPSI-W1200,실내용 SMPS(비방수) 1200wt,FIXED,,0,0,0,,,,,,
X_이력없음,SGM-SMPSI-W1500,실내용 SMPS(비방수) 1500wt,FIXED,,0,0,0,,,,,,
X_이력없음,SGM-FOOT-F300,발통 300mm,FIXED,,0,0,0,,,,,,
X_이력없음,SGM-FOOT-F600,발통 600mm,FIXED,,0,0,0,,,,,,
X_이력없음,SGM-FOOT-F800,발통 800mm,FIXED,,0,0,0,,,,,,
X_이력없음,SGM-FOOT-F900,발통 900mm,FIXED,,0,0,0,,,,,,
X_이력없음,SGM-LED2-KDL,LED 2구 KDL,FIXED,,0,0,0,,,,,,
X_이력없음,SGM-LEDW-RGB,LED 4P 전선 RGB,FIXED,,0,0,0,,,,,,
X_이력없음,LGS-LIGHT-122,LG 조명용시트,FIXED,,0,0,0,,,,,,
X_이력없음,LGS-CAL-122,LG 캘시트,FIXED,,0,0,0,,,,,,
X_이력없음,SGM-TRUSS-SQ,각관 트러스,FIXED,,0,0,0,,,,,,
X_이력없음,SGM-GWANBONG-SQ,경관봉(사각),FIXED,,0,0,0,,,,,,
X_이력없음,PC-5T-M-48,광확산PC,FIXED,,0,0,0,,,,,,
X_이력없음,RM-DOAN-100,도안지,FIXED,,0,0,0,,,,,,
X_이력없음,SV-SHEET-PERF,솔벤 타공시트,FIXED,,0,0,0,,,,,,
X_이력없음,SKS-50T-W-36,스카시,FIXED,,0,0,0,,,,,,
X_이력없음,ALM-3T-S-48,알마이트,FIXED,,0,0,0,,,,,,
X_이력없음,SGM-TACK-T5,타카핀 5mm,FIXED,,0,0,0,,,,,,
X_이력없음,SGM-CSM-R150-DG,채널바 옆마구리 150mm 진회색,FIXED,,0,0,0,,,,,,
X_이력없음,SGM-TRF-R150,트러스바 보강대 150mm,FIXED,,0,0,0,,,,,,
X_이력없음,SGM-CSM-R200-DG,채널바 옆마구리 200mm 진회색,FIXED,,0,0,0,,,,,,
X_이력없음,SGM-TRF-R200,트러스바 보강대 200mm,FIXED,,0,0,0,,,,,,
X_이력없음,SGM-TRB-R250-WH,트러스바 250mm 백색,FIXED,,0,0,0,,,,,,
X_이력없음,SGM-TRB-R250-DG,트러스바 250mm 진회색,FIXED,,0,0,0,,,,,,
X_이력없음,SGM-CSM-R250-DG,채널바 옆마구리 250mm 진회색,FIXED,,0,0,0,,,,,,
X_이력없음,SGM-CSM-R300-DG,채널바 옆마구리 300mm 진회색,FIXED,,0,0,0,,,,,,
X_이력없음,SGM-CSM-R400-DG,채널바 옆마구리 400mm 진회색,FIXED,,0,0,0,,,,,,
X_이력없음,SGM-KPB-LG,캡바 연회색,FIXED,,0,0,0,,,,,,
X_이력없음,SGM-KPB-GD,캡바 금색,FIXED,,0,0,0,,,,,,
X_이력없음,SGM-KPB-YG,캡바 연두,FIXED,,0,0,0,,,,,,
X_이력없음,SGM-KPB-LP,캡바 연핑크,FIXED,,0,0,0,,,,,,
X_이력없음,SGM-BOARD-B50,간판 후판 50cm,FIXED,,0,0,0,,,,,,
X_이력없음,SGM-BOARD-B60,간판 후판 60cm,FIXED,,0,0,0,,,,,,
X_이력없음,SGM-BOARD-B70,간판 후판 70cm,FIXED,,0,0,0,,,,,,
X_이력없음,SGM-BOARD-B110,간판 후판 110cm,FIXED,,0,0,0,,,,,,
X_이력없음,SGM-BOARD-B150,간판 후판 150cm,FIXED,,0,0,0,,,,,,
X_이력없음,SGM-BOARD-B160,간판 후판 160cm,FIXED,,0,0,0,,,,,,
X_이력없음,SGM-BOARD-B180,간판 후판 180cm,FIXED,,0,0,0,,,,,,
X_이력없음,MCFLOOR-EMB-127,무광 바닥코팅지(엠보)-호홍,FIXED,,0,0,0,,,,,,
X_이력없음,PAT-UVC50-127,UV투명 패트배너 50M,FIXED,,0,0,0,,,,,,
X_이력없음,UV-SKS-50T-W,UV 스카시 50T 백색,FIXED,,0,0,0,,,,,,
X_이력없음,FMX-YES-2T-36,포맥스 예스(중국산),FIXED,,0,0,0,,,,,,
X_이력없음,FMX-YES-2T-48,포맥스 예스(중국산),FIXED,,0,0,0,,,,,,
X_이력없음,FMX-YES-3T-36,포맥스 예스(중국산),FIXED,,0,0,0,,,,,,
X_이력없음,FMX-YES-3T-48,포맥스 예스(중국산),FIXED,,0,0,0,,,,,,
X_이력없음,FMX-YES-5T-36,포맥스 예스(중국산),FIXED,,0,0,0,,,,,,
X_이력없음,FMX-YES-5T-48,포맥스 예스(중국산),FIXED,,0,0,0,,,,,,
X_이력없음,FMX-YES-8T-36,포맥스 예스(중국산),FIXED,,0,0,0,,,,,,
X_이력없음,FMX-YES-8T-48,포맥스 예스(중국산),FIXED,,0,0,0,,,,,,
X_이력없음,FMX-YES-10T-36,포맥스 예스(중국산),FIXED,,0,0,0,,,,,,
X_이력없음,FMX-YES-10T-48,포맥스 예스(중국산),FIXED,,0,0,0,,,,,,
X_이력없음,FMX-PMT-2T-36,포맥스 포마트(국산),FIXED,,0,0,0,,,,,,
X_이력없음,FMX-PMT-2T-48,포맥스 포마트(국산),FIXED,,0,0,0,,,,,,
X_이력없음,FMX-PMT-3T-36,포맥스 포마트(국산),FIXED,,0,0,0,,,,,,
X_이력없음,FMX-PMT-3T-48,포맥스 포마트(국산),FIXED,,0,0,0,,,,,,
X_이력없음,FMX-PMT-5T-36,포맥스 포마트(국산),FIXED,,0,0,0,,,,,,
X_이력없음,FMX-PMT-5T-48,포맥스 포마트(국산),FIXED,,0,0,0,,,,,,
X_이력없음,FMX-PMT-8T-36,포맥스 포마트(국산),FIXED,,0,0,0,,,,,,
X_이력없음,FMX-PMT-8T-48,포맥스 포마트(국산),FIXED,,0,0,0,,,,,,
X_이력없음,FMX-PMT-10T-36,포맥스 포마트(국산),FIXED,,0,0,0,,,,,,
X_이력없음,FMX-PMT-10T-48,포맥스 포마트(국산),FIXED,,0,0,0,,,,,,
X_이력없음,FMX-YES-1T-36,포맥스 예스(중국산),FIXED,,0,0,0,,,,,,
X_이력없음,FMX-YES-1T-48,포맥스 예스(중국산),FIXED,,0,0,0,,,,,,
X_이력없음,FMX-PMT-1T-36,포맥스 포마트(국산),FIXED,,0,0,0,,,,,,
X_이력없음,FMX-PMT-1T-48,포맥스 포마트(국산),FIXED,,0,0,0,,,,,,
X_이력없음,ACC-051,우승기 부속,FIXED,,0,0,0,,,,,,
X_이력없음,ACC-052,원형 받침대,FIXED,,0,0,0,,,,,,
X_이력없음,ACC-053,우승기 깃대,FIXED,,0,0,0,,,,,,
X_이력없음,ACC-054,목창꽂이,FIXED,,0,0,0,,,,,,
X_이력없음,ACC-054-NS,목창꽂이(창없이),FIXED,,0,0,0,,,,,,