품목코드	품목명	규격	폭mm	단위	매입수량	매입액	발주건	최근발주	공급처	용도(기입)
RM-TP-CH-360540	청·홍 인쇄원단 360×540	T/P 80" · 360×540 · 2폭 이음(장당 11.81yd)		yd	9063	33533100	1	2026-01-14	정운교역	
ACC-041	황금봉	가로기/가정용/수기대		EA	9997104	31664500	5	2026-06-24	주식회사 리치코엘	
RM-TP-TGK-JR-150225	태극기 장례용 인쇄원단 150×225	75D T/P 61" · 장례용기 150×225		yd	10986	15380400	1	2026-03-26	정운교역	
GDS-FB1-CASE	국기함 보급형 케이스	보급형 · 케이스		EA	2	14522200	2	2026-03-21	에코컴퍼니	
TROPICAL-070	트로피칼	70cm · BW/2코팅	700	yd	33647	13891520	3	2026-04-15	정운교역	
TROPICAL-090	트로피칼	90cm · BW/2코팅	900	yd	29881	13094485	3	2026-04-15	정운교역	
ACC-036	수기대(깃대)	P-40/50/60 깃대만		EA	1	12840000	1	2026-04-30	유진프라스틱	
SK-105	HD-011상바			EA	520	11797000	12	2026-06-29	(주)서울경금속	
GDS-FB1-FIN	국기함 보급형 깃봉(무궁화)	보급형 · 깃대 끝 무궁화		EA	360	11793200	2	2026-06-25	에코컴퍼니	
SK-1555	LG-DPM1270mmSPM011G			EA	98	11474100	15	2026-06-15	(주)서울경금속	
SK-1615	LG-DPM1270mmSPP031M			EA	80	9167580	14	2026-06-29	(주)서울경금속	
ACC-045-9-G	아일렛 9호 금	9호·금		EA	331000	8937000	2	2026-04-15	대승 엔지니어링	
ACC-045-5-G	아일렛 5호 금	5호·금		EA	300000	6300000	2	2026-04-15	대승 엔지니어링	
RM-TP-TGK-60180-2	태극기 두폭 인쇄원단 60×180	T/P 51" · 두폭 60×180		yd	4432	5362720	1	2026-01-14	정운교역	
SATIN300-155	300D 무연새틴	155cm · BW/열승화	1550	yd	2379	5233800	1	2026-04-16	정운교역	
SK-107	HD-013카바			EA	500	5076000	12	2026-06-29	(주)서울경금속	
SK-1556	LG-DPM1050mmSPP031M			EA	52	5060060	9	2026-06-11	(주)서울경금속	
RM-TP-TGKH-6090-2	태극기 가로기 두폭 인쇄원단 60×90	T/P 51" · 가로기 두폭 60×90		yd	3928	4752880	1	2026-03-25	정운교역	
SK-1612	LG-DPM1050mmSPM011G			EA	47	4545140	12	2026-06-29	(주)서울경금속	
SK-26474	YESLED형광등20W(보급형)/박스검정	1BOX-50EA		EA	2400	4132000	6	2026-06-29	(주)서울경금속	
SK-26303	LG-DPM1370mmLD59HTG			EA	22	3614400	9	2026-06-25	(주)서울경금속	
SK-1614	LG-DPM1520mmSPM011G			EA	23	3268780	10	2026-06-16	(주)서울경금속	
SK-934	LG시트-LT4071(122폭)			EA	14	2846900	6	2026-06-05	(주)서울경금속	
SGM-IPB-JD	입체바 옥색	80mm*3m		EA	680	2748000	5	2026-03-06	(주)엘이디포유	
AQ1-120	수성 현수막원단 1코팅	120cm	1200	yd	3662	2739240	2	2026-06-02	운산직물	
SK-1616	LG-DPM1370mmSPP031M			EA	22	2682240	7	2026-06-11	(주)서울경금속	
SK-2057	HRT-07(채널보강대)			EA	101	2604400	8	2026-06-15	(주)서울경금속	
SK-1617	LG-DPM1520mmSPP031M			EA	18	2474280	9	2026-06-16	(주)서울경금속	
RM-TP-MUJI-CPX	무지 복합 원단 60×90+90×135	T/P 65" 폰지 무지 · 복합 모듈		yd	1726	2416400	1	2026-01-14	정운교역	
SK-2243	포마트포맥스5T4*8백색			EA	86	2366900	4	2026-06-29	(주)서울경금속	
SGM-IPB-BK	입체바 흑색	80mm*3m		EA	500	2340000	6	2026-06-05	(주)엘이디포유	
SK-937	LG시트-LT4080(122폭)			EA	11	2258600	5	2026-06-05	(주)서울경금속	
SK-404	15각PIPE			EA	520	2002000	8	2026-06-15	(주)서울경금속	
SK-106	HD-012하바			EA	80	1936000	3	2026-06-29	(주)서울경금속	
SK-26895	YESLED형광등30W-(양면용,120cm)			EA	450	1800000	3	2026-06-29	(주)서울경금속	
SK-1613	LG-DPM1370mmSPM011G			EA	14	1774200	7	2026-06-24	(주)서울경금속	
SK-2244	포마트포맥스3T4*8백색			EA	120	1761600	4	2026-06-29	(주)서울경금속	
LX-LD190DF	LX시트 광확산 LD190DF	1220폭 롤50M		롤	2	1737000	1	2026-06-05	(주)엘이디포유	
SK-1682	LG-DPM1370mmSPT031M			EA	8	1710880	5	2026-06-22	(주)서울경금속	
RM-TP-NAVY-90135	해군기 인쇄원단 90×135	75D T/P 54" · 90×135		yd	718	1651400	1	2026-05-08	정운교역	
KMT-BLOWER	Extreme-2280T 블로어			EA	3	1650000	1	2026-05-27	케이엠테크	
SK-375	LED본드투명			EA	54	1616000	7	2026-06-15	(주)서울경금속	
SK-26557	LG시트-LDJ90DF(122폭)			EA	2	1608000	1	2026-01-16	(주)서울경금속	
SK-1557	LG-DPM1270mmSPM022G			EA	13	1573000	7	2026-06-15	(주)서울경금속	
RM-FLEX-PRT2S	양면 후렉스 출력(외주)	㎡ 단가		㎡	179	1438400	22	2026-06-23	(주)엘이디포유	
SK-2838	예스후렉스-NSP160폭(50M)			EA	11	1432000	4	2026-06-15	(주)서울경금속	
SGM-TRB-R300-LG	트러스바 300mm 연회색	300mm		EA	8	1419600	2	2026-06-12	(주)엘이디포유	
SGM-TRB-R300-BK	트러스바 300mm 흑색	300mm		EA	8	1381600	2	2026-06-19	(주)엘이디포유	
ALM-2T-BK-48	알마이트 2T 검정	2T 은색 4x8		장	40	1290000	3	2026-06-01	(주)엘이디포유	
SGM-SMPS-W400	외부용 SMPS(방수) 400wt	방수		EA	50	1280000	5	2026-06-01	(주)엘이디포유	
SGM-KPB-BK	캡바 흑색	25mm*3m		EA	600	1212000	7	2026-06-12	(주)엘이디포유	
KMT-IRON	Extreme-2280T 인두기			EA	11	1210000	1	2026-05-27	케이엠테크	
SK-1619	LG창문용EP115(122폭)			EA	9	1186440	6	2026-06-25	(주)서울경금속	
SK-2832	예스후렉스-NSP90폭(50M)			EA	16	1185750	5	2026-06-15	(주)서울경금속	
SGM-TRB-R400-JD	트러스바 400mm 옥색	400mm		EA	6	1185000	1	2026-01-09	(주)엘이디포유	
SK-2839	예스후렉스-NSP180폭(50M)			EA	8	1179000	3	2026-05-18	(주)서울경금속	
SK-26894	YESLED형광등20W-(전구색,웜)			EA	550	1155000	3	2026-03-23	(주)서울경금속	
SGM-TRW-JD	트러스바 날개 옥색	100mm*7M		EA	40	1120000	2	2026-02-02	(주)엘이디포유	
SGM-KPB-JD	캡바 옥색	25mm*3m		EA	640	1102000	6	2026-03-06	(주)엘이디포유	
SK-0059	예스후렉스-NSP260폭(50M)			EA	5	1098500	3	2026-06-15	(주)서울경금속	
SGM-SMPS-W200	외부용 SMPS(방수) 200wt	방수		EA	80	1060000	4	2026-06-12	(주)엘이디포유	
SK-1618	LG창문용EP115(100폭)			EA	9	997140	5	2026-06-25	(주)서울경금속	
SGM-KIV-K25	KIV 전선 2.5sq	검정		EA	9	990500	2	2026-04-17	(주)엘이디포유	
SGM-TRB-R400-BK	트러스바 400mm 흑색	400mm		EA	4	970000	1	2026-06-12	(주)엘이디포유	
SK-972	삼성타이머20A			EA	30	900000	2	2026-03-16	(주)서울경금속	
SK-2833	예스후렉스-NSP100폭(50M)			EA	11	880000	3	2026-03-23	(주)서울경금속	
SK-1887	LG시트-LC6772-(122폭)			EA	5	879950	1	2026-06-18	(주)서울경금속	
SK-1724	LG-DPM1050mmSPM022G			EA	8	842700	4	2026-06-15	(주)서울경금속	
SGM-LED3-5050RGB	LED 3구 5050 렌즈형 RGB	5050 RGB		EA	2000	840000	1	2026-01-19	(주)엘이디포유	
SGM-TRW-LG	트러스바 날개 연회색			EA	28	838800	2	2026-04-17	(주)엘이디포유	
SK-940	LG시트-LT4510(122폭)			EA	4	813400	2	2026-06-29	(주)서울경금속	
SK-1683	LG-DPM1270mmSPP031G			EA	7	812110	3	2026-06-15	(주)서울경금속	
SGM-IPB-NB	입체바 진청색	80mm*3m		EA	180	804000	4	2026-06-01	(주)엘이디포유	
SGM-LEDP-WW	LED투광기 백색/백색	35W		EA	75	787500	2	2026-06-19	(주)엘이디포유	
SGM-IPB-GN	입체바 녹색	80mm*3m		EA	180	780000	4	2026-06-12	(주)엘이디포유	
SK-1258	HD-012하바(검정)			EA	32	760600	2	2026-04-06	(주)서울경금속	
SK-2257	포마트포맥스8T4*8백색			EA	20	747600	1	2026-03-09	(주)서울경금속	
SGM-TACK-T4	타카핀 4mm			EA	60	720000	1	2026-03-06	(주)엘이디포유	
KMT-UVONEWAY	UV-Oneway film	1.37×50M		EA	3	690000	2	2026-05-26	케이엠테크	
SVAT-137	솔벤 에어탑	137cm	1370	yd	279	683800	2	2026-05-21	운산직물	
SK-2836	예스후렉스-NSP130폭(50M)			EA	6	663000	3	2026-06-15	(주)서울경금속	
SK-405	19각PIPE			EA	140	651000	4	2026-06-15	(주)서울경금속	
SK-0056	예스후렉스-NSP200폭(50M)			EA	4	640000	2	2026-01-27	(주)서울경금속	
SK-2822	예스포맥스5T4*8백색			EA	30	624300	1	2026-05-26	(주)서울경금속	
SK-1703	LG-DPM914mmSPP031M			EA	8	621280	1	2026-06-11	(주)서울경금속	
SK-1708	LG-DPM1370mmSPP031G			EA	5	620390	2	2026-06-01	(주)서울경금속	
SK-2258	포마트포맥스10T4*8백색			EA	12	608600	2	2026-04-20	(주)서울경금속	
SK-26939	LG시트-LT401B(122폭)			EA	3	602800	2	2026-06-02	(주)서울경금속	
SK-1707	LG-DPM1050mmSPP031G			EA	6	589450	2	2026-06-10	(주)서울경금속	
SK-1528	LG시트-보조(전사지)LC2000			EA	6	572680	3	2026-06-05	(주)서울경금속	
SK-2834	예스후렉스-NSP110폭(50M)			EA	6	561000	3	2026-06-15	(주)서울경금속	
LX-LA9423NH	LX시트 캘 조명용 LA9423NH	1220폭 롤50M		롤	1	550000	1	2026-06-11	(주)엘이디포유	
SK-141	HD-011상코너			EA	1350	540000	8	2026-06-29	(주)서울경금속	
SGM-KIV-K15	KIV 전선 1.5sq	검정		EA	8	535000	2	2026-02-06	(주)엘이디포유	
SGM-SMPS-W500	외부용 SMPS(방수) 500wt	방수		EA	20	525000	2	2026-06-01	(주)엘이디포유	
SK-2821	예스포맥스3T4*8백색			EA	40	522400	2	2026-06-25	(주)서울경금속	
SK-0061	예스후렉스-NSP320폭(50M)			EA	2	512000	1	2026-03-23	(주)서울경금속	
ECB-G-090	친환경 현수막원단 GRS	90cm	900	yd	640	512000	1	2026-04-13	운산직물	
SK-2837	예스후렉스-NSP150폭(50M)			EA	4	502500	3	2026-05-18	(주)서울경금속	
SK-26799	예스후렉스-(그레이비조명용)120폭-50M			EA	5	498000	2	2026-05-11	(주)서울경금속	
SGM-TRB-R250-LG	트러스바 250mm 연회색	250mm		EA	4	487600	1	2026-04-10	(주)엘이디포유	
SK-629	간판용후판0.9M(50M)			EA	9	486000	4	2026-04-06	(주)서울경금속	
SK-2835	예스후렉스-NSP120폭(50M)			EA	5	480000	2	2026-03-30	(주)서울경금속	
SK-1237	싸인탑날개			EA	1600	480000	6	2026-06-29	(주)서울경금속	
SGM-TRB-R250-BK	트러스바 250mm 흑색	250mm		EA	4	460800	1	2026-04-03	(주)엘이디포유	
SK-1464	까치발-900			EA	120	460800	4	2026-04-20	(주)서울경금속	
KMT-PRISM	프리즘솔벤반사백색	1220×45.7m		EA	1	455000	1	2026-05-26	케이엠테크	
SK-26796	예스후렉스-(그레이비조명용)90폭-50M			EA	6	452250	3	2026-06-15	(주)서울경금속	
SK-1068	직결피스8*13			EA	72	439200	2	2026-06-15	(주)서울경금속	
ECB-G-070	친환경 현수막원단 GRS		700	yd	650	432250	1	2026-04-13	운산직물	
SK-26803	예스후렉스-(그레이비조명용)180폭-50M			EA	3	432000	2	2026-03-30	(주)서울경금속	
SK-2602	라운드경관봉40mm-몸통3M			EA	60	429000	1	2026-01-22	(주)서울경금속	
AQ1-060	수성 현수막원단 1코팅	60cm	600	yd	1175	423000	1	2026-06-02	운산직물	
SK-929	LG시트-LT4057(122폭)			EA	2	421740	2	2026-05-15	(주)서울경금속	
SGM-TRB-R250-JD	트러스바 250mm 옥색	250mm		EA	4	418000	2	2026-03-03	(주)엘이디포유	
SK-1921	LG-DPM1370mmSPC031G			EA	3	412580	2	2026-06-11	(주)서울경금속	
SK-932	LG시트-LT4060(122폭)			EA	2	406700	2	2026-05-18	(주)서울경금속	
SK-1259	HD-013카바(검정)			EA	40	406000	2	2026-04-13	(주)서울경금속	
SK-472	알마이트2T3*6검정			EA	20	396000	1	2026-06-02	(주)서울경금속	
SK-26650	LG시트-LT403B(122폭)			EA	2	392200	1	2026-02-24	(주)서울경금속	
KMT-STAND1700	출력물받침대	1700		EA	8	390000	1	2026-04-10	케이엠테크	
SGM-KPB-NB	캡바 진청색	25mm*3m		EA	200	388000	5	2026-06-05	(주)엘이디포유	
SK-0057	예스후렉스-NSP220폭(50M)			EA	2	385000	1	2026-05-18	(주)서울경금속	
SVT-200	솔벤 텐트천	200cm		m	120	384000	1	2026-02-04	(주)엘이디포유	
SK-1518	알미늄판3*6백색			EA	20	384000	2	2026-06-08	(주)서울경금속	
SK-2816	예스포맥스5T3*6백색			EA	30	374700	1	2026-04-13	(주)서울경금속	
SK-2272	포마트포맥스3T3*6백색			EA	40	371600	3	2026-06-29	(주)서울경금속	
SK-26801	예스후렉스-(그레이비조명용)150폭-50M			EA	3	371250	2	2026-05-11	(주)서울경금속	
SGM-IPB	입체바	80mm*3m		EA	100	370000	1	2026-01-09	(주)엘이디포유	
SK-26105	LG시트-LC6770(이형지개선품)			EA	2	364220	2	2026-06-08	(주)서울경금속	
SGM-KPB-GN	캡바 녹색	25mm*3m		EA	200	362000	5	2026-06-12	(주)엘이디포유	
SVB-300	솔벤 현수막	300cm		yd	1	358400	1	2026-02-04	(주)엘이디포유	
SK-1357	까치발-1200			EA	75	350250	5	2026-04-20	(주)서울경금속	
SGM-TRW-BK	트러스바 날개 흑색			EA	12	349200	1	2026-04-03	(주)엘이디포유	
SK-409	삼성타이머30A			EA	10	340000	1	2026-03-16	(주)서울경금속	
SK-1832	LG-DPM1370mmSPE032G			EA	2	339300	1	2026-06-22	(주)서울경금속	
SVT-160	솔벤 텐트천	160cm		m	131	335360	1	2026-02-04	(주)엘이디포유	
SK-27097	유니온(UNION)-SMPS(고급형)-300W			EA	15	329100	1	2026-03-03	(주)서울경금속	
SK-1468	까치발-1500			EA	60	325800	4	2026-04-13	(주)서울경금속	
SGM-TRB-R200-BK	트러스바 200mm 흑색	200mm		EA	4	312000	1	2026-04-03	(주)엘이디포유	
SGM-IPB100-WH	입체바 1.0T 100mm 백색	1.0T 100mm*3m		EA	40	308000	1	2026-04-10	(주)엘이디포유	
SGM-TRB-R300-JD	트러스바 300mm 옥색	300mm		EA	2	300000	1	2026-03-03	(주)엘이디포유	
KMT-ENCSTRIP	(공용) 엔코더스트립	180dpi 3.6M		EA	4	300000	1	2026-03-03	케이엠테크	
SGM-IPB-DP	입체바 진핑크	80mm*3m		EA	60	284000	2	2026-06-01	(주)엘이디포유	
SGM-IPB-OR	입체바 주황색	80mm*3m		EA	60	284000	2	2026-06-01	(주)엘이디포유	
SGM-IPB-YL	입체바 황색	80mm*3m		EA	60	284000	2	2026-06-12	(주)엘이디포유	
SK-26807	예스후렉스-(그레이비조명용)320폭-50M			EA	1	280000	1	2026-05-13	(주)서울경금속	
SK-1942	LG-ONEWAY1370mmLM54000			EA	1	279830	1	2026-06-19	(주)서울경금속	
SK-2256	포마트포맥스2T4*8백색			EA	30	279600	1	2026-02-23	(주)서울경금속	
SK-1709	LG-DPM1520mmSPP031G			EA	2	272680	2	2026-05-27	(주)서울경금속	
SK-2445	실리콘(백색)			EA	175	272500	4	2026-06-29	(주)서울경금속	
SK-1971	LG-DPM1370mmSPM022G			EA	2	268730	2	2026-06-22	(주)서울경금속	
PETB-127	PET배너	127cm 롤30M		롤	5	247000	1	2026-05-22	(주)엘이디포유	
SGM-ROPE-5	현수막끈 5Φ(PP로프)	5Φ PP로프		EA	12	246000	2	2026-04-17	(주)엘이디포유	
LX-SPM011G	LX시트 DPM(SP) SPM011G 백색	1370폭 롤50M		롤	2	244200	1	2026-04-14	(주)엘이디포유	
SGM-LEDP50-WW	LED투광기 50W 백색/백색	50W		EA	20	240000	1	2026-03-27	(주)엘이디포유	
SK-1923	LG-DPM914mmSPM011G			EA	3	236940	1	2026-06-17	(주)서울경금속	
SGM-TRB-R150-LG	트러스바 150mm 연회색	150mm		EA	4	236800	2	2026-06-12	(주)엘이디포유	
SK-554	평까치발검정-200mm			EA	90	234000	2	2026-03-16	(주)서울경금속	
SGM-SMPS-W100	외부용 SMPS(방수) 100wt	방수		EA	20	228000	1	2026-04-10	(주)엘이디포유	
SGM-SRND-D500	스텐원형돌출 500Φ			EA	4	228000	2	2026-06-05	(주)엘이디포유	
SK-26806	예스후렉스-(그레이비조명용)260폭-50M			EA	1	227500	1	2026-06-15	(주)서울경금속	
SK-2145	평면경관봉100mm몸통3M			EA	10	226900	1	2026-01-22	(주)서울경금속	
SK-27102	예스-고무자석롤-0.8T1020폭*10M			EA	2	225000	2	2026-06-01	(주)서울경금속	
SK-1239	전45도			EA	3000	225000	3	2026-06-08	(주)서울경금속	
SK-928	LG시트-LT4056(122폭)			EA	1	210600	1	2026-06-02	(주)서울경금속	
SK-927	LG시트-LT4055(122폭)			EA	1	210600	1	2026-05-26	(주)서울경금속	
SK-2824	예스포맥스10T4*8백색			EA	6	210000	1	2026-06-02	(주)서울경금속	
SK-26800	예스후렉스-(그레이비조명용)130폭-50M			EA	2	208000	1	2026-03-23	(주)서울경금속	
LX-LC6770P	LX시트 외부용 LC6770P 양면PE	1220폭 롤50M		롤	1	199500	1	2026-06-05	(주)엘이디포유	
LX-LT4510	LX시트 조명용 LT4510	1220폭 롤50M		롤	1	196100	1	2026-03-04	(주)엘이디포유	
SK-938	LG시트-LT4081(122폭)			EA	1	196100	1	2026-04-16	(주)서울경금속	
SK-26944	LG시트-LT402D(122폭)			EA	1	196100	1	2026-04-06	(주)서울경금속	
SK-930	LG시트-LT4058(122폭)			EA	1	196100	1	2026-03-17	(주)서울경금속	
SK-26946	LG시트-LT403D(122폭)			EA	1	196100	1	2026-02-09	(주)서울경금속	
SK-1454	LG시트-LT4027(122폭)			EA	1	196100	1	2026-01-28	(주)서울경금속	
SK-917	LG시트-LT4042(122폭)			EA	1	196100	1	2026-01-13	(주)서울경금속	
SK-903	LG시트-LT4021(122폭)			EA	1	196100	1	2026-01-13	(주)서울경금속	
SK-973	삼성타이머50A			EA	5	195000	1	2026-03-16	(주)서울경금속	
SGM-IPB-DG	입체바 진회색	80mm*3m		EA	40	192000	1	2026-06-05	(주)엘이디포유	
SGM-IPB-LB	입체바 연청색	80mm*3m		EA	40	192000	1	2026-06-05	(주)엘이디포유	
SK-251	스카시20T3*6검정			EA	14	191750	3	2026-06-01	(주)서울경금속	
SGM-CSP	채널 지지대	72mm		EA	1000	190000	2	2026-06-05	(주)엘이디포유	
SGM-SPRAY-5L	분무기 5L	5L		EA	6	189000	1	2026-03-03	(주)엘이디포유	
SGM-PPIPE-PW	투광기 파이프 백색	ㅡ자형 700mm		EA	90	186000	2	2026-06-19	(주)엘이디포유	
SK-1358	까치발-1000			EA	45	185850	3	2026-06-08	(주)서울경금속	
SK-2607	라운드경관봉40mmPC커버3M			EA	60	180000	1	2026-01-22	(주)서울경금속	
SGM-KIV-K40	KIV 전선 4.0sq	검정		EA	2	178000	1	2026-04-17	(주)엘이디포유	
SK-414	돼지표본드3kg			EA	7	176900	3	2026-06-08	(주)서울경금속	
SK-26798	예스후렉스-(그레이비조명용)110폭-50M			EA	2	176000	1	2026-03-30	(주)서울경금속	
SGM-PRND-D500	포인트원형돌출 500Φ			EA	4	176000	1	2026-06-19	(주)엘이디포유	
SK-26804	예스후렉스-(그레이비조명용)200폭-50M			EA	1	175000	1	2026-06-15	(주)서울경금속	
SGM-IPB-LG	입체바 연회색	80mm*3m		EA	40	170000	2	2026-06-05	(주)엘이디포유	
SK-2273	포마트포맥스5T3*6백색			EA	10	163300	1	2026-04-20	(주)서울경금속	
SGM-KPB-DP	캡바 진핑크	25mm*3m		EA	80	162000	2	2026-06-01	(주)엘이디포유	
SGM-KPB-RD	캡바 적색	25mm*3m		EA	80	162000	2	2026-06-05	(주)엘이디포유	
SGM-KPB-YL	캡바 황색	25mm*3m		EA	80	162000	2	2026-06-12	(주)엘이디포유	
SK-2820	예스포맥스2T4*8백색			EA	20	160800	1	2026-04-13	(주)서울경금속	
SK-26797	예스후렉스-(그레이비조명용)100폭-50M			EA	2	160000	1	2026-03-23	(주)서울경금속	
SK-1293	까치발-400			EA	60	159600	2	2026-03-03	(주)서울경금속	
SK-630	간판용후판1.3M(50M)			EA	2	159250	2	2026-06-29	(주)서울경금속	
SK-2476	포마트포맥스2T3*6검정			EA	20	158800	1	2026-05-26	(주)서울경금속	
SGM-LEDP-BW	LED투광기 검정/백색	35W		EA	15	157500	1	2026-06-19	(주)엘이디포유	
SGM-LEDP-WM	LED투광기 백색/웜	35W		EA	15	157500	1	2026-06-19	(주)엘이디포유	
SK-2814	예스포맥스2T3*6백색			EA	30	156600	1	2026-04-13	(주)서울경금속	
SK-1737	LG-DPM1520mmSPC031G			EA	1	156490	1	2026-05-27	(주)서울경금속	
SK-1467	까치발-1400			EA	30	156000	2	2026-06-08	(주)서울경금속	
SK-2255	포마트포맥스2T3*6백색			EA	30	155400	1	2026-02-23	(주)서울경금속	
SGM-IPB100-LG	입체바 1.0T 100mm 연회색	1.0T 100mm*3m		EA	20	154000	1	2026-04-17	(주)엘이디포유	
SGM-IPB100-BK	입체바 1.0T 100mm 흑색	1.0T 100mm*3m		EA	20	154000	1	2026-04-10	(주)엘이디포유	
SGM-CPIS-WH	칼라피스 T7*14 백색	T7*14 1롤=1000개		EA	15	150000	1	2026-01-09	(주)엘이디포유	
SGM-CPIS-JD	칼라피스 T7*14 옥색	T7*14 1롤=1000개		EA	15	150000	1	2026-01-09	(주)엘이디포유	
SK-1466	까치발-1300			EA	30	148800	2	2026-04-20	(주)서울경금속	
PETB-152	PET배너	152cm 롤30M		롤	2	148200	1	2026-05-22	(주)엘이디포유	
PETB-063	PET배너	63cm 롤30M		롤	6	148200	1	2026-05-22	(주)엘이디포유	
SGM-TRB-R200-JD	트러스바 200mm 옥색	200mm		EA	2	148000	1	2026-01-23	(주)엘이디포유	
SGM-IPB-FL	입체바 형광색	80mm*3m		EA	40	148000	1	2026-01-09	(주)엘이디포유	
SGM-TRB-R200-LG	트러스바 200mm 연회색	200mm		EA	2	148000	1	2026-03-13	(주)엘이디포유	
SGM-KPB-DG	캡바 진회색	25mm*3m		EA	80	146000	2	2026-06-05	(주)엘이디포유	
SGM-KPB-OR	캡바 주황색	25mm*3m		EA	80	146000	2	2026-06-01	(주)엘이디포유	
SK-2968	LG-DPM1370mmLW2800M			EA	1	145280	1	2026-06-22	(주)서울경금속	
DOIN-125	도인지 125	125cm 롤137M		롤	5	145000	2	2026-04-03	(주)엘이디포유	
SK-26896	YESLED형광등15W-(양면용,60cm)			EA	50	145000	1	2026-06-15	(주)서울경금속	
SK-315	간판용후판1.2M(50M)			EA	2	144000	1	2026-02-09	(주)서울경금속	
SK-252	스카시10T3*6검정			EA	13	142090	2	2026-06-02	(주)서울경금속	
SK-26802	예스후렉스-(그레이비조명용)160폭-50M			EA	1	140000	1	2026-06-15	(주)서울경금속	
SK-26787	예스후렉스-(씨트용)120폭-50M			EA	1	138000	1	2026-06-18	(주)서울경금속	
SGM-PPIPE-PB	투광기 파이프 검정	ㅡ자형 700mm		EA	70	138000	2	2026-06-19	(주)엘이디포유	
SGM-FTACK	프레임타카핀 710			EA	40	136000	2	2026-06-12	(주)엘이디포유	
SK-250	스카시30T3*6검정			EA	7	135650	2	2026-06-01	(주)서울경금속	
SK-1290	까치발-250			EA	60	135000	1	2026-03-03	(주)서울경금속	
MCP120-060	무광코팅지 120g-호홍	60cm 61m	600	롤	4	131200	1	2026-05-22	(주)엘이디포유	
SK-1732	LG-DPM1270mmSPC031G			EA	1	130650	1	2026-06-15	(주)서울경금속	
MCP080-127	무광코팅지 80g-호홍	127cm 61m		롤	2	125400	1	2026-05-22	(주)엘이디포유	
KEL-HH-127	PVC(켈)(30m)-호홍	127cm		롤	2	122400	1	2026-05-22	(주)엘이디포유	
SK-1469	까치발-1600			EA	20	113400	2	2026-04-20	(주)서울경금속	
SK-2498	사각경관봉70mm알미늄몸통3010mm			EA	10	112800	1	2026-01-22	(주)서울경금속	
SGM-TRB-R150-WH	트러스바 150mm 백색	150mm		EA	2	110000	1	2026-03-13	(주)엘이디포유	
SK-245	스카시10T3*6백색			EA	10	109300	2	2026-06-08	(주)서울경금속	
SK-27103	예스-고무자석롤-0.8T610폭*10M			EA	2	106500	2	2026-06-01	(주)서울경금속	
SK-631	간판용후판1.7M(50M)			EA	1	106250	1	2026-06-29	(주)서울경금속	
SK-26898	YESLED형광등7W-(전구색,웜-60cm)			EA	50	105000	1	2026-04-22	(주)서울경금속	
AQ1-070	수성 현수막원단 1코팅	70cm	700	yd	250	102500	1	2026-05-18	운산직물	
SK-1371	보조시트(75)SC-008/ULTRA			EA	1	93240	1	2026-06-12	(주)서울경금속	
SGM-TRF-R300	트러스바 보강대 300mm	300mm		EA	200	92000	1	2026-04-10	(주)엘이디포유	
SGM-IPB-RD	입체바 적색	80mm*3m		EA	20	92000	1	2026-04-10	(주)엘이디포유	
SK-1474	발통-1000			EA	5	91450	1	2026-01-12	(주)서울경금속	
SK-243	스카시30T3*6백색			EA	5	87500	1	2026-03-30	(주)서울경금속	
SK-2446	실리콘(투명)			EA	50	86250	2	2026-06-29	(주)서울경금속	
SK-316	간판용후판1.4M(50M)			EA	1	84000	1	2026-02-09	(주)서울경금속	
SK-555	평까치발검정-250mm			EA	30	84000	1	2026-01-27	(주)서울경금속	
SGM-CSM-R300-BK	채널바 옆마구리 300mm 흑색	300mm		EA	30	83500	2	2026-06-05	(주)엘이디포유	
SGM-KPB-LB	캡바 연청색	25mm*3m		EA	40	82000	1	2026-06-05	(주)엘이디포유	
SGM-TRF-R250	트러스바 보강대 250mm	250mm		EA	200	78000	1	2026-04-10	(주)엘이디포유	
SK-1148	하드락B(적색)	적색		EA	1	76000	1	2026-04-13	(주)서울경금속	
SK-1147	하드락A(청색)	청색		EA	1	76000	1	2026-04-13	(주)서울경금속	
SGM-SRND-D800	스텐원형돌출 800Φ	800Φ		EA	1	72500	1	2026-03-27	(주)엘이디포유	
SK-2499	사각경관봉70mmPC커버3010mm			EA	10	68800	1	2026-01-22	(주)서울경금속	
SK-381	쌍클립32W			EA	2000	68000	1	2026-02-09	(주)서울경금속	
SK-1465	까치발-1100			EA	15	66450	1	2026-01-27	(주)서울경금속	
SK-1470	까치발-1900			EA	10	66100	1	2026-06-08	(주)서울경금속	
SK-1289	까치발-200			EA	30	65700	1	2026-03-03	(주)서울경금속	
MCP120-127	무광코팅지 120g-호홍	127cm 61m	1270	롤	1	65600	1	2026-05-22	(주)엘이디포유	
SK-244	스카시20T3*6백색			EA	5	65000	1	2026-03-30	(주)서울경금속	
SGM-KPB-TG	캡바 진청록	25mm*3m		EA	40	64000	1	2026-01-09	(주)엘이디포유	
SGM-KPB-MT	캡바 민트색	25mm*3m		EA	40	64000	1	2026-01-09	(주)엘이디포유	
SGM-KPB-FL	캡바 형광색	25mm*3m		EA	40	64000	1	2026-01-09	(주)엘이디포유	
SK-2277	평면경관봉70mm몸통3M			EA	3	62640	1	2026-02-26	(주)서울경금속	
SK-142	HD-012하코너			EA	150	60000	1	2026-02-02	(주)서울경금속	
SK-1356	까치발-1700			EA	10	59600	1	2026-06-29	(주)서울경금속	
SK-2404	평면경관봉100mmPC커버3M			EA	10	55000	1	2026-01-22	(주)서울경금속	
SGM-TRF-R400	트러스바 보강대 400mm	400mm		EA	100	53000	1	2026-01-09	(주)엘이디포유	
SGM-CSM-R250-LG	채널바 옆마구리 250mm 연회색	250mm		EA	20	49000	1	2026-04-10	(주)엘이디포유	
SGM-CSM-R250-WH	채널바 옆마구리 250mm 백색	250mm		EA	20	49000	1	2026-06-05	(주)엘이디포유	
SGM-CSM-R250-BK	채널바 옆마구리 250mm 흑색	250mm		EA	20	49000	1	2026-04-10	(주)엘이디포유	
SK-628	간판용후판0.8M(50M)			EA	1	48000	1	2026-04-06	(주)서울경금속	
SK-1295	까치발-600			EA	15	47850	1	2026-01-12	(주)서울경금속	
SGM-PPIPE-PW900	투광기 파이프 백색 900mm	ㅡ자형 900mm		EA	20	46000	1	2026-03-27	(주)엘이디포유	
SGM-PRSQ-550	포인트간판 사각돌출 550*550	550*550		EA	1	45500	1	2026-02-09	(주)엘이디포유	
SGM-PRND-D600	포인트원형돌출 600Φ			EA	1	45500	1	2026-05-06	(주)엘이디포유	
SGM-CSM-R200-BK	채널바 옆마구리 200mm 흑색	200mm		EA	20	45000	1	2026-06-05	(주)엘이디포유	
SGM-CSM-R200-JD	채널바 옆마구리 200mm 옥색	200mm		EA	20	44000	1	2026-02-02	(주)엘이디포유	
SGM-CSM-R400-JD	채널바 옆마구리 400mm 옥색	400mm		EA	10	31000	1	2026-01-09	(주)엘이디포유	
SGM-CSM-R300-LG	채널바 옆마구리 300mm 연회색	300mm		EA	10	27500	1	2026-04-10	(주)엘이디포유	
DOIN-105	도인지 105	105cm 롤137M		롤	1	25500	1	2026-04-01	(주)엘이디포유	
SGM-CSM-R200-LG	채널바 옆마구리 200mm 연회색	200mm		EA	10	22500	1	2026-06-05	(주)엘이디포유	
SGM-CSM-R150-LG	채널바 옆마구리 150mm 연회색	150mm		EA	10	20500	1	2026-06-05	(주)엘이디포유	
SK-2612	라운드경관봉40mm마구리			EA	30	15000	1	2026-01-22	(주)서울경금속	
SK-2567	평면경관봉70mmPC커버3M			EA	3	12390	1	2026-02-26	(주)서울경금속	
SK-149	운임			EA	1	6000	1	2026-06-18	(주)서울경금속	
ETC-SHIP	배송비(택배/화물)			EA	1	6000	1	2026-06-05	(주)엘이디포유	
SK-2500	사각경관봉70mm마구리			EA	10	5000	1	2026-01-22	(주)서울경금속	
SK-2146	평면경관봉100mm마구리			EA	8	4000	1	2026-01-22	(주)서울경금속	
SK-2279	평면경관봉70mm마구리			EA	6	3000	1	2026-02-26	(주)서울경금속	
SGM-CSM-R200X113-WH	채널바 옆마구리 200*113 백색	200*113mm		EA	20	0	2	2026-02-03	(주)엘이디포유	
SGM-CSM-R200X113-JD	채널바 옆마구리 200*113 옥색	200*113mm		EA	20	0	2	2026-02-03	(주)엘이디포유	
KMT-HEAD-I3200	(F1) I3200-A1 헤드			EA	1	0	1	2026-05-26	케이엠테크	
KMT-CONN4	(공용) 일자커넥터 4Φ			EA	6	0	1	2026-05-27	케이엠테크	
KMT-RELAY24V	Extreme-2280T 릴레이	24VDC-10A-110V 피더		EA	5	0	1	2026-05-27	케이엠테크	
KMT-RELAY8A	Extreme-2280T 릴레이	8A-AC/250V-DC 피더		EA	5	0	1	2026-05-27	케이엠테크	
SGM-TACK-T6	타카핀 6mm			EA	60	-390000	1	2026-01-20	(주)엘이디포유	
