id,date,amount,counterpart,memo,category,action
713,20260701,20000000,"길창호(운산직물)","HanaCBS","A.★매입지급(진성)","purchase_payment 생성·연결"
1093,20260710,13095291,"호홍6월외상대출금","HanaCBS","A.★매입지급(진성)","purchase_payment 생성·연결"
809,20260707,177767,"케이엠테크5월상품대","HanaCBS","A.★매입지급(진성)","purchase_payment 생성·연결"
709,20260701,18700,"경원GH외상매입금출금","HanaCBS","A.★매입지급(진성)","purchase_payment 생성·연결"
2822,20260714,187000,"TPM샘물광고기계판매운송","HanaCBS","B.매입처 운송비","비용:운반비"
2926,20260602,132000,"서울경금속간판자재운송비","2026/06/02-3","B.매입처 운송비","비용:운반비"
2840,20260624,77000,"위드무주-동산기획외상대 출금","2026/06/24-3","C.내부/기타 외상대","확인要"
3023,20260511,2679300,"한화생명05012","2026/05/11-15","D.보험료","비용:보험"
3130,20260410,2679300,"한화생명04011","2026/04/10-16","D.보험료","비용:보험"
3266,20260310,2679300,"한화생명03010","2026/03/10-11","D.보험료","비용:보험"
3359,20260210,2679300,"한화생명02009","강제회계반영","D.보험료","비용:보험"
3439,20260112,2679300,"한화생명01008","2026/01/12-7","D.보험료","비용:보험"
3160,20260406,1500000,"하나생04016","2026/04/06-10","D.보험료","비용:보험"
3279,20260305,1500000,"하나생03015","2026/03/05-3","D.보험료","비용:보험"
3376,20260205,1500000,"하나생02014","2026/02/05-4","D.보험료","비용:보험"
3462,20260105,1500000,"하나생01013","2026/01/05-2","D.보험료","비용:보험"
2859,20260616,970000,"옥외광고물배상책임보험","2026/06/16-3","D.보험료","비용:보험"
3337,20260213,93650,"서울보증료(이용료)","2026/02/13-5","D.보험료","비용:보험"
3270,20260306,15000,"대출연장건보증료","2026/03/06-1","D.보험료","비용:보험"
994,20260710,7256860,"2606사회보험","둔산금융센터","E.4대보험","비용:인건비(4대보험)"
3363,20260210,4028890,"2601사회보험","2026/02/10-2","E.4대보험","비용:인건비(4대보험)"
3447,20260112,3911350,"2512사회보험","2026/01/12-2","E.4대보험","비용:인건비(4대보험)"
703,20260629,16300000,"1389업무용차량구매대금","HanaCBS","F.공사/설비/자본지출","별도계정(자본적지출)"
4130,20260715,10780000,"(주)티.피.엠.기계구입대금","HanaCBS","F.공사/설비/자본지출","별도계정(자본적지출)"
3046,20260430,7623000,"공장임차료중개수수료","2026/04/30-46","F.공사/설비/자본지출","별도계정(자본적지출)"
2944,20260529,6457000,"쇼핑몰잔금지급","2026/05/29-13","F.공사/설비/자본지출","별도계정(자본적지출)"
3039,20260504,3300000,"선명복용동공사대금지급","2026/05/04-5","F.공사/설비/자본지출","별도계정(자본적지출)"
2868,20260615,3267000,"미더스공인중개수수료","2026/06/15-5","F.공사/설비/자본지출","별도계정(자본적지출)"
3038,20260504,880000,"복용동통신공사대금지급","2026/05/04-4","F.공사/설비/자본지출","별도계정(자본적지출)"
3022,20260511,770000,"산업용컴프레셔 중고 구매대금","2026/05/11-14","F.공사/설비/자본지출","별도계정(자본적지출)"
1090,20260710,495000,"주니그래(제주FC)조형물도색","HanaCBS","F.공사/설비/자본지출","별도계정(자본적지출)"
923,20260709,407000,"에어컨이동설치대금출금","HanaCBS","F.공사/설비/자본지출","별도계정(자본적지출)"
4222,20260715,374000,"선명본점이전등기법무사비용","HanaCBS","F.공사/설비/자본지출","별도계정(자본적지출)"
698,20260701,14800000,"선명커뮤니케이션주","하나은행","G.이체/자금이동","IGNORED(이체)"
4126,20260715,11800000,"계좌간자금이체","하나은행","G.이체/자금이동","IGNORED(이체)"
1073,20260710,10000000,"계좌간자금이체","하나은행","G.이체/자금이동","IGNORED(이체)"
700,20260702,7000000,"계좌간자금이체","하나은행","G.이체/자금이동","IGNORED(이체)"
766,20260706,2800000,"계좌간자금이체","하나은행","G.이체/자금이동","IGNORED(이체)"
4909,20260720,1005652,"60298022283142-00001","둔산금융센터","G.이체/자금이동","IGNORED(이체)"
908,20260709,900000,"계좌간자금이체","하나은행","G.이체/자금이동","IGNORED(이체)"
906,20260709,800000,"계좌간자금이체","하나은행","G.이체/자금이동","IGNORED(이체)"
1072,20260710,450000,"계좌간자금이체","하나은행","G.이체/자금이동","IGNORED(이체)"
4908,20260720,271311,"60298022283142-00001","둔산금융센터","G.이체/자금이동","IGNORED(이체)"
924,20260709,60000,"계좌간자금이체","HanaCBS","G.이체/자금이동","IGNORED(이체)"
995,20260710,5675598,"하나카드기업","둔산금융센터","H.카드대금","카드탭 대사(card_transactions)"
904,20260709,68754,"BC카드선결제","","H.카드대금","카드탭 대사(card_transactions)"
738,20260702,400000,"대표이사기숙사임차료","HanaCBS","I.공과금/임차/관리","비용:공과금"
2908,20260609,153240,"대전유성구(선명커뮤","2026/06/09-5","I.공과금/임차/관리","비용:공과금"
3223,20260320,118870,"대표이사기숙사관리비","2026/03/20-3","I.공과금/임차/관리","비용:공과금"
2853,20260619,112160,"대표이사기숙사전력비","2026/06/19-8","I.공과금/임차/관리","비용:공과금"
3365,20260209,43520,"대전유성구(선명커뮤","2026/02/09-3","I.공과금/임차/관리","비용:공과금"
4922,20260720,37030,"대표이사기숙사전력비","HanaCBS","I.공과금/임차/관리","비용:공과금"
4113,20260715,18700,"대전유성구암624","자금결제부","I.공과금/임차/관리","비용:공과금"
3076,20260430,16120,"수도120015232604","2026/04/30-1","I.공과금/임차/관리","비용:공과금"
2940,20260601,7290,"수도120015232605","2026/06/01-1","I.공과금/임차/관리","비용:공과금"
3193,20260331,7290,"수도120015232603","2026/03/31-5","I.공과금/임차/관리","비용:공과금"
3289,20260303,7290,"수도120015232602","2026/03/03-1","I.공과금/임차/관리","비용:공과금"
3388,20260202,7290,"수도120015232601","2026/02/02-2","I.공과금/임차/관리","비용:공과금"
726,20260630,5080,"수도120015232606","둔산금융센터","I.공과금/임차/관리","비용:공과금"
2922,20260605,231000,"SK쉴더스북대전월정료","2026/06/05-2","I.보안월정료","비용:지급수수료"
2998,20260515,99360,"SK쉴더스북대전월정료","2026/05/15-2","I.보안월정료","비용:지급수수료"
3037,20260506,77000,"SK쉴더스북대전월정료","2026/05/06-2","I.보안월정료","비용:지급수수료"
3161,20260406,77000,"SK쉴더스북대전월정료","2026/04/06-11","I.보안월정료","비용:지급수수료"
3280,20260305,77000,"SK쉴더스북대전월정료","2026/03/05-4","I.보안월정료","비용:지급수수료"
3377,20260205,77000,"SK쉴더스북대전월정료","2026/02/05-5","I.보안월정료","비용:지급수수료"
3463,20260105,77000,"SK쉴더스북대전월정료","2026/01/05-3","I.보안월정료","비용:지급수수료"
3107,20260417,1500000,"법인세무조정료","2026/04/17-5","I.세무·회계수수료","비용:지급수수료"
993,20260710,165000,"강세구정민수세무","둔산금융센터","I.세무·회계수수료","비용:지급수수료"
2902,20260610,165000,"강세구정민수세무","2026/06/10-13","I.세무·회계수수료","비용:지급수수료"
3026,20260511,165000,"강세구정민수세무","2026/05/11-2","I.세무·회계수수료","비용:지급수수료"
3137,20260410,165000,"강세구정민수세무","2026/04/10-2","I.세무·회계수수료","비용:지급수수료"
3268,20260310,165000,"강세구정민수세무","2026/03/10-13","I.세무·회계수수료","비용:지급수수료"
3362,20260210,165000,"강세구정민수세무","2026/02/10-1","I.세무·회계수수료","비용:지급수수료"
3446,20260112,165000,"강세구정민수세무","2026/01/12-1","I.세무·회계수수료","비용:지급수수료"
3354,20260210,1000,"온라인잔액증명서발급수수료","강제회계반영","I.세무·회계수수료","비용:지급수수료"
2912,20260609,124300,"장충동 페인트 구매대금 입금","2026/06/09-7","I.소모·기타운영비","비용:소모품"
3091,20260424,99000,"제이엠솔루션헤드교체비용","2026/04/24-1","I.소모·기타운영비","비용:소모품"
2881,20260611,77000,"소모품비 구매대금","2026/06/11-1","I.소모·기타운영비","비용:소모품"
2878,20260611,59320,"소모품비개인카드결제","2026/06/11-1","I.소모·기타운영비","비용:소모품"
2842,20260623,57200,"단가표인쇄본출력비","2026/06/23-2","I.소모·기타운영비","비용:소모품"
2913,20260609,29100,"중식대금 입금-최상호","2026/06/09-8","I.소모·기타운영비","비용:소모품"
810,20260707,25000,"장충동왕족발보쌈나무액자구매","HanaCBS","I.소모·기타운영비","비용:소모품"
2927,20260602,24310,"와우프레스명함제작비","2026/06/02-4","I.소모·기타운영비","비용:소모품"
811,20260707,23650,"김용준대표명함제작비출금","HanaCBS","I.소모·기타운영비","비용:소모품"
2987,20260520,23650,"김용준대표명함제작","2026/05/20-4","I.소모·기타운영비","비용:소모품"
2880,20260611,20000,"차량주유대금개인카드결제","2026/06/11-1","I.소모·기타운영비","비용:소모품"
2882,20260611,20000,"차량주유대금","2026/06/11-1","I.소모·기타운영비","비용:소모품"
2879,20260611,19000,"소모품비개인카드결제","2026/06/11-1","I.소모·기타운영비","비용:소모품"
4218,20260715,9900,"신신엠앤씨","","I.소모·기타운영비","비용:소모품"
4217,20260715,8800,"신신엠앤씨","","I.소모·기타운영비","비용:소모품"
2864,20260616,7600,"명함제작의뢰비용","2026/06/16-1","I.소모·기타운영비","비용:소모품"
2863,20260616,760,"명함제작의뢰비용","2026/06/16-7","I.소모·기타운영비","비용:소모품"
3108,20260417,500000,"글로벌서티프로위험성평가","2026/04/17-1","I.안전·교육","비용:교육"
3159,20260406,220300,"한국안전기술진흥","2026/04/06-9","I.안전·교육","비용:교육"
3277,20260305,220300,"한국안전기술진흥","2026/03/05-2","I.안전·교육","비용:교육"
3375,20260205,220300,"한국안전기술진흥","2026/02/05-3","I.안전·교육","비용:교육"
3461,20260105,220300,"한국안전기술진흥","2026/01/05-1","I.안전·교육","비용:교육"
3191,20260331,187000,"관리감독,정기교육등","2026/03/31-3","I.안전·교육","비용:교육"
2836,20260625,169960,"KT0824330406","2026/06/25-2","I.통신비","비용:통신"
4990,20260721,141190,"01088123819SKT","둔산금융센터","I.통신비","비용:통신"
2971,20260526,115520,"KT0824330105","2026/05/26-1","I.통신비","비용:통신"
2846,20260622,20920,"01220874533SKT","2026/06/22-5","I.통신비","비용:통신"
2845,20260622,11000,"01220553851SKT","2026/06/22-4","I.통신비","비용:통신"
2979,20260521,11000,"01220553851SKT","2026/05/21-3","I.통신비","비용:통신"
2989,20260518,11000,"이동식단말기요금납부","2026/05/18-1","I.통신비","비용:통신"
3214,20260323,11000,"01224663153SKT","2026/03/23-5","I.통신비","비용:통신"
3325,20260223,11000,"01224663153SKT","2026/02/23-1","I.통신비","비용:통신"
3424,20260121,11000,"01224663153SKT","2026/01/21-2","I.통신비","비용:통신"
3095,20260421,7270,"01220553851SKT","2026/04/21-1","I.통신비","비용:통신"
1074,20260710,900,"SMS통지수수료","","I.통신비","비용:통신"
2889,20260610,4068610,"최상호","2026/06/10-2","J.확인 필요","사용자 확인"
2890,20260610,2000000,"김성배","2026/06/10-4","J.확인 필요","사용자 확인"
